Price,Adj Close,Close,High,Low,Open,Volume
Ticker,KOSKI.HE,KOSKI.HE,KOSKI.HE,KOSKI.HE,KOSKI.HE,KOSKI.HE
Date,,,,,,
2022-12-01,5.664734363555908,6.497000217437744,7.300000190734863,6.460999965667725,7.0,247086
2022-12-02,5.728382587432861,6.570000171661377,6.749000072479248,6.500999927520752,6.749000072479248,90243
2022-12-05,5.649911880493164,6.480000019073486,6.6479997634887695,6.480000019073486,6.599999904632568,59179
2022-12-07,5.667349338531494,6.5,6.519999980926514,6.46999979019165,6.5,18838
2022-12-08,5.623754501342773,6.449999809265137,6.519999980926514,6.440000057220459,6.5,26274
2022-12-09,5.623754501342773,6.449999809265137,6.489999771118164,6.400000095367432,6.480000019073486,16065
2022-12-12,5.580159664154053,6.400000095367432,6.5,6.400000095367432,6.489999771118164,9909
2022-12-13,5.536564826965332,6.349999904632568,6.449999809265137,6.349999904632568,6.429999828338623,20097
2022-12-14,5.475532054901123,6.28000020980835,6.400000095367432,6.28000020980835,6.349999904632568,15571
2022-12-15,5.362185001373291,6.150000095367432,6.289999961853027,6.139999866485596,6.28000020980835,89196
2022-12-16,5.397060871124268,6.190000057220459,6.190000057220459,6.139999866485596,6.159999847412109,8661
2022-12-19,5.449374675750732,6.25,6.28000020980835,6.150000095367432,6.199999809265137,44798
2022-12-20,5.449374675750732,6.25,6.260000228881836,6.199999809265137,6.230000019073486,13667
2022-12-21,5.405779838562012,6.199999809265137,6.269999980926514,6.179999828338623,6.230000019073486,3453
2022-12-22,5.423217296600342,6.21999979019165,6.28000020980835,6.179999828338623,6.199999809265137,7817
2022-12-23,5.466813087463379,6.269999980926514,6.28000020980835,6.21999979019165,6.260000228881836,2995
2022-12-27,5.449374675750732,6.25,6.289999961853027,6.25,6.28000020980835,2424
2022-12-28,5.475532054901123,6.28000020980835,6.300000190734863,6.260000228881836,6.289999961853027,1685
2022-12-29,5.492969512939453,6.300000190734863,6.300000190734863,6.25,6.28000020980835,15600
2022-12-30,5.475532054901123,6.28000020980835,6.300000190734863,6.25,6.300000190734863,5316
2023-01-02,5.449374675750732,6.25,6.300000190734863,6.25,6.28000020980835,2936
2023-01-03,5.449374675750732,6.25,6.269999980926514,6.25,6.269999980926514,2202
2023-01-04,5.484250545501709,6.289999961853027,6.289999961853027,6.25,6.260000228881836,2313
2023-01-05,5.466813087463379,6.269999980926514,6.300000190734863,6.25,6.300000190734863,2578
2023-01-09,5.449374675750732,6.25,6.300000190734863,6.239999771118164,6.28000020980835,10113
2023-01-10,5.405779838562012,6.199999809265137,6.269999980926514,6.179999828338623,6.269999980926514,7228
2023-01-11,5.388341426849365,6.179999828338623,6.199999809265137,6.170000076293945,6.190000057220459,32705
2023-01-12,5.405779838562012,6.199999809265137,6.199999809265137,6.159999847412109,6.179999828338623,3654
2023-01-13,5.362185001373291,6.150000095367432,6.199999809265137,6.150000095367432,6.199999809265137,12012
2023-01-16,5.349106788635254,6.135000228881836,6.190000057220459,6.135000228881836,6.150000095367432,3655
2023-01-17,5.353466033935547,6.139999866485596,6.199999809265137,6.136000156402588,6.139999866485596,3243
2023-01-18,5.528717517852783,6.341000080108643,6.400000095367432,6.199999809265137,6.300000190734863,179296
2023-01-19,5.561849594116211,6.379000186920166,6.400000095367432,6.360000133514404,6.39900016784668,8589
2023-01-20,5.492969512939453,6.300000190734863,6.388999938964844,6.300000190734863,6.355000019073486,2571
2023-01-23,5.5191264152526855,6.329999923706055,6.389999866485596,6.320000171661377,6.359000205993652,3003
2023-01-24,5.527845859527588,6.340000152587891,6.349999904632568,6.300000190734863,6.349999904632568,19452
2023-01-25,5.545283794403076,6.360000133514404,6.370999813079834,6.309999942779541,6.369999885559082,26253
2023-01-26,5.545283794403076,6.360000133514404,6.369999885559082,6.349999904632568,6.349999904632568,2895
2023-01-27,5.545283794403076,6.360000133514404,6.400000095367432,6.360000133514404,6.360000133514404,7108
2023-01-30,5.553130626678467,6.36899995803833,6.379000186920166,6.309999942779541,6.360000133514404,5372
2023-01-31,5.536564826965332,6.349999904632568,6.354000091552734,6.284999847412109,6.354000091552734,3544
2023-02-01,5.571441173553467,6.389999866485596,6.400000095367432,6.349999904632568,6.380000114440918,6305
2023-02-02,5.667349338531494,6.5,6.550000190734863,6.340000152587891,6.389999866485596,12763
2023-02-03,5.6411919593811035,6.46999979019165,6.5,6.400000095367432,6.5,3293
2023-02-06,5.580159664154053,6.400000095367432,6.489999771118164,6.400000095367432,6.46999979019165,9530
2023-02-07,5.6150360107421875,6.440000057220459,6.5,6.389999866485596,6.5,1479
2023-02-08,5.571441173553467,6.389999866485596,6.460000038146973,6.389999866485596,6.440000057220459,1991
2023-02-09,5.492969512939453,6.300000190734863,6.46999979019165,6.289999961853027,6.449999809265137,3045
2023-02-10,5.527845859527588,6.340000152587891,6.340000152587891,6.289999961853027,6.340000152587891,1513
2023-02-13,5.6411919593811035,6.46999979019165,6.5,6.400000095367432,6.429999828338623,9596
2023-02-14,5.623754501342773,6.449999809265137,6.5,6.400000095367432,6.5,3446
2023-02-15,5.623754501342773,6.449999809265137,6.5,6.400000095367432,6.5,3007
2023-02-16,5.623754501342773,6.449999809265137,6.5,6.449999809265137,6.449999809265137,7381
2023-02-17,5.580159664154053,6.400000095367432,6.519999980926514,6.389999866485596,6.5,8331
2023-02-20,5.606316566467285,6.429999828338623,6.539999961853027,6.400000095367432,6.400000095367432,2759
2023-02-21,5.6150360107421875,6.440000057220459,6.449999809265137,6.400000095367432,6.429999828338623,5024
2023-02-22,5.536564826965332,6.349999904632568,6.440000057220459,6.349999904632568,6.440000057220459,7331
2023-02-23,5.458093643188477,6.260000228881836,6.400000095367432,6.260000228881836,6.380000114440918,15386
2023-02-24,5.536564826965332,6.349999904632568,6.400000095367432,6.289999961853027,6.289999961853027,3406
2023-02-27,5.492969512939453,6.300000190734863,6.300000190734863,6.210000038146973,6.300000190734863,6182
2023-02-28,5.5627217292785645,6.380000114440918,6.380000114440918,6.289999961853027,6.300000190734863,2267
2023-03-01,5.536564826965332,6.349999904632568,6.400000095367432,6.300000190734863,6.400000095367432,1220
2023-03-02,5.545283794403076,6.360000133514404,6.380000114440918,6.28000020980835,6.349999904632568,1965
2023-03-03,5.571441173553467,6.389999866485596,6.389999866485596,6.269999980926514,6.349999904632568,2159
2023-03-06,5.5191264152526855,6.329999923706055,6.389999866485596,6.300000190734863,6.349999904632568,2705
2023-03-07,5.536564826965332,6.349999904632568,6.400000095367432,6.349999904632568,6.380000114440918,1401
2023-03-08,5.5016889572143555,6.309999942779541,6.369999885559082,6.309999942779541,6.369999885559082,672
2023-03-09,5.554002285003662,6.369999885559082,6.369999885559082,6.329999923706055,6.369999885559082,1617
2023-03-10,5.5191264152526855,6.329999923706055,6.360000133514404,6.230000019073486,6.300000190734863,2575
2023-03-13,5.449374675750732,6.25,6.389999866485596,6.239999771118164,6.329999923706055,9509
2023-03-14,5.492969512939453,6.300000190734863,6.300000190734863,6.230000019073486,6.25,2146
2023-03-15,5.492969512939453,6.300000190734863,6.400000095367432,6.300000190734863,6.309999942779541,37881
2023-03-16,5.492969512939453,6.300000190734863,6.449999809265137,6.28000020980835,6.360000133514404,12133
2023-03-17,5.510408401489258,6.320000171661377,6.5,6.309999942779541,6.349999904632568,6774
2023-03-20,5.492969512939453,6.300000190734863,6.340000152587891,6.230000019073486,6.340000152587891,12553
2023-03-21,5.492969512939453,6.300000190734863,6.429999828338623,6.300000190734863,6.349999904632568,1796
2023-03-22,5.510408401489258,6.320000171661377,6.349999904632568,6.300000190734863,6.349999904632568,4472
2023-03-23,5.5016889572143555,6.309999942779541,6.349999904632568,6.300000190734863,6.320000171661377,2419
2023-03-24,5.466813087463379,6.269999980926514,6.309999942779541,6.25,6.309999942779541,1455
2023-03-27,5.492969512939453,6.300000190734863,6.400000095367432,6.269999980926514,6.269999980926514,1922
2023-03-28,5.7371015548706055,6.579999923706055,6.590000152587891,6.260000228881836,6.300000190734863,4734
2023-03-29,5.667349338531494,6.5,6.590000152587891,6.449999809265137,6.579999923706055,3249
2023-03-30,5.580159664154053,6.400000095367432,6.519999980926514,6.369999885559082,6.400000095367432,3924
2023-03-31,5.667349338531494,6.5,6.5,6.409999847412109,6.449999809265137,3804
2023-04-03,5.65863037109375,6.489999771118164,6.550000190734863,6.320000171661377,6.550000190734863,10434
2023-04-04,5.6760687828063965,6.510000228881836,6.539999961853027,6.489999771118164,6.53000020980835,5548
2023-04-05,5.667349338531494,6.5,6.570000171661377,6.449999809265137,6.550000190734863,10064
2023-04-06,5.667349338531494,6.5,6.539999961853027,6.420000076293945,6.53000020980835,1746
2023-04-11,5.702225208282471,6.539999961853027,6.550000190734863,6.449999809265137,6.550000190734863,7308
2023-04-12,5.710944652557373,6.550000190734863,6.550000190734863,6.489999771118164,6.550000190734863,3823
2023-04-13,5.710944652557373,6.550000190734863,6.590000152587891,6.449999809265137,6.550000190734863,17030
2023-04-14,5.684787750244141,6.519999980926514,6.590000152587891,6.519999980926514,6.550000190734863,3181
2023-04-17,5.928919315338135,6.800000190734863,6.800000190734863,6.550000190734863,6.550000190734863,6421
2023-04-18,5.841729640960693,6.699999809265137,6.800000190734863,6.610000133514404,6.800000190734863,53877
2023-04-19,5.841729640960693,6.699999809265137,6.75,6.650000095367432,6.739999771118164,5355
2023-04-20,5.798134803771973,6.650000095367432,6.730000019073486,6.550000190734863,6.690000057220459,16325
2023-04-21,5.833010673522949,6.690000057220459,6.730000019073486,6.599999904632568,6.730000019073486,8678
2023-04-24,5.87660551071167,6.739999771118164,6.739999771118164,6.579999923706055,6.690000057220459,14421
2023-04-25,5.885324478149414,6.75,6.789999961853027,6.699999809265137,6.75,35882
2023-04-26,5.841729640960693,6.699999809265137,6.760000228881836,6.610000133514404,6.760000228881836,6037
2023-04-27,5.833010673522949,6.690000057220459,6.75,6.619999885559082,6.75,9595
2023-04-28,5.885324478149414,6.75,6.769999980926514,6.679999828338623,6.690000057220459,6219
2023-05-02,5.859167098999023,6.71999979019165,6.78000020980835,6.699999809265137,6.78000020980835,18298
2023-05-03,5.771977424621582,6.619999885559082,6.71999979019165,6.570000171661377,6.71999979019165,14268
2023-05-04,5.824291706085205,6.679999828338623,6.699999809265137,6.630000114440918,6.699999809265137,8083
2023-05-05,5.841729640960693,6.699999809265137,6.699999809265137,6.679999828338623,6.690000057220459,1832
2023-05-08,5.841729640960693,6.699999809265137,6.699999809265137,6.679999828338623,6.699999809265137,12764
2023-05-09,5.841729640960693,6.699999809265137,6.75,6.679999828338623,6.71999979019165,12227
2023-05-10,5.841729640960693,6.699999809265137,6.730000019073486,6.690000057220459,6.730000019073486,6865
2023-05-11,5.815572738647461,6.670000076293945,6.789999961853027,6.650000095367432,6.699999809265137,64552
2023-05-12,5.983329772949219,6.420000076293945,6.5,6.0,6.150000095367432,20459
2023-05-15,5.8714919090271,6.300000190734863,6.429999828338623,6.300000190734863,6.429999828338623,3875
2023-05-16,5.806252956390381,6.230000019073486,6.28000020980835,6.150000095367432,6.28000020980835,10744
2023-05-17,5.74101448059082,6.159999847412109,6.230000019073486,6.150000095367432,6.230000019073486,3630
2023-05-19,5.778293132781982,6.199999809265137,6.340000152587891,6.159999847412109,6.159999847412109,2012
2023-05-22,5.834212779998779,6.260000228881836,6.289999961853027,6.230000019073486,6.289999961853027,1826
2023-05-23,5.89013147354126,6.320000171661377,6.449999809265137,6.260000228881836,6.289999961853027,5902
2023-05-24,5.9646897315979,6.400000095367432,6.440000057220459,6.28000020980835,6.320000171661377,12006
2023-05-25,6.057888031005859,6.5,6.5,6.300000190734863,6.420000076293945,20712
2023-05-26,6.029928684234619,6.46999979019165,6.5,6.309999942779541,6.5,2718
2023-05-29,6.011288642883301,6.449999809265137,6.489999771118164,6.449999809265137,6.46999979019165,2629
2023-05-30,5.9646897315979,6.400000095367432,6.449999809265137,6.349999904632568,6.449999809265137,2111
2023-05-31,5.974009990692139,6.409999847412109,6.449999809265137,6.389999866485596,6.449999809265137,1330
2023-06-01,5.927411079406738,6.360000133514404,6.5,6.340000152587891,6.400000095367432,8230
2023-06-02,6.057888031005859,6.5,6.5,6.400000095367432,6.420000076293945,10046
2023-06-05,6.141766548156738,6.590000152587891,6.590000152587891,6.400000095367432,6.5,7777
2023-06-06,6.104487419128418,6.550000190734863,6.599999904632568,6.420000076293945,6.590000152587891,1443
2023-06-07,6.029928684234619,6.46999979019165,6.480000019073486,6.400000095367432,6.440000057220459,3906
2023-06-08,5.946050643920898,6.380000114440918,6.46999979019165,6.360000133514404,6.46999979019165,8818
2023-06-09,5.89013147354126,6.320000171661377,6.380000114440918,6.300000190734863,6.380000114440918,6608
2023-06-12,5.89013147354126,6.320000171661377,6.429999828338623,6.309999942779541,6.429999828338623,5589
2023-06-13,5.8528523445129395,6.28000020980835,6.440000057220459,6.28000020980835,6.329999923706055,6684
2023-06-14,5.946050643920898,6.380000114440918,6.449999809265137,6.349999904632568,6.349999904632568,1718
2023-06-15,5.95536994934082,6.389999866485596,6.449999809265137,6.300000190734863,6.400000095367432,3141
2023-06-16,5.89013147354126,6.320000171661377,6.440000057220459,6.300000190734863,6.409999847412109,2408
2023-06-19,5.862171649932861,6.289999961853027,6.409999847412109,6.289999961853027,6.320000171661377,3808
2023-06-20,5.8714919090271,6.300000190734863,6.360000133514404,6.300000190734863,6.300000190734863,518
2023-06-21,5.8714919090271,6.300000190734863,6.400000095367432,6.300000190734863,6.300000190734863,2342
2023-06-22,5.834212779998779,6.260000228881836,6.340000152587891,6.260000228881836,6.340000152587891,806
2023-06-26,5.9646897315979,6.400000095367432,6.420000076293945,6.25,6.25,1201
2023-06-27,5.796933174133301,6.21999979019165,6.409999847412109,6.21999979019165,6.400000095367432,959
2023-06-28,5.9646897315979,6.400000095367432,6.420000076293945,6.28000020980835,6.389999866485596,1018
2023-06-29,5.983329772949219,6.420000076293945,6.420000076293945,6.360000133514404,6.400000095367432,1170
2023-06-30,5.983329772949219,6.420000076293945,6.420000076293945,6.269999980926514,6.420000076293945,1097
2023-07-03,5.843532562255859,6.269999980926514,6.420000076293945,6.269999980926514,6.420000076293945,2539
2023-07-04,5.787613391876221,6.210000038146973,6.320000171661377,6.210000038146973,6.320000171661377,4069
2023-07-05,5.787613391876221,6.210000038146973,6.289999961853027,6.210000038146973,6.210000038146973,508
2023-07-06,5.7689738273620605,6.190000057220459,6.289999961853027,6.190000057220459,6.210000038146973,892
2023-07-07,5.8714919090271,6.300000190734863,6.309999942779541,6.190000057220459,6.190000057220459,1959
2023-07-10,5.824892520904541,6.25,6.300000190734863,6.199999809265137,6.300000190734863,1091
2023-07-11,5.843532562255859,6.269999980926514,6.300000190734863,6.260000228881836,6.300000190734863,1191
2023-07-12,5.89013147354126,6.320000171661377,6.389999866485596,6.300000190734863,6.300000190734863,969
2023-07-13,5.843532562255859,6.269999980926514,6.420000076293945,6.25,6.320000171661377,2233
2023-07-14,5.88081169128418,6.309999942779541,6.309999942779541,6.190000057220459,6.300000190734863,3436
2023-07-17,5.787613391876221,6.210000038146973,6.369999885559082,6.199999809265137,6.309999942779541,858
2023-07-18,5.806252956390381,6.230000019073486,6.420000076293945,6.210000038146973,6.210000038146973,5050
2023-07-19,5.89945125579834,6.329999923706055,6.349999904632568,6.28000020980835,6.28000020980835,1178
2023-07-20,5.9180908203125,6.349999904632568,6.360000133514404,6.329999923706055,6.329999923706055,831
2023-07-21,5.824892520904541,6.25,6.340000152587891,6.21999979019165,6.340000152587891,1760
2023-07-24,5.824892520904541,6.25,6.25,6.190000057220459,6.21999979019165,1562
2023-07-25,5.731694221496582,6.150000095367432,6.25,6.139999866485596,6.25,4350
2023-07-26,5.7689738273620605,6.190000057220459,6.199999809265137,6.139999866485596,6.150000095367432,669
2023-07-27,5.71305513381958,6.130000114440918,6.199999809265137,6.119999885559082,6.190000057220459,1403
2023-07-28,5.71305513381958,6.130000114440918,6.199999809265137,6.130000114440918,6.130000114440918,253
2023-07-31,5.7689738273620605,6.190000057220459,6.199999809265137,6.190000057220459,6.199999809265137,957
2023-08-01,5.69441556930542,6.110000133514404,6.340000152587891,6.099999904632568,6.340000152587891,2083
2023-08-02,5.731694221496582,6.150000095367432,6.199999809265137,6.110000133514404,6.110000133514404,1226
2023-08-03,5.778293132781982,6.199999809265137,6.28000020980835,6.150000095367432,6.150000095367432,1024
2023-08-04,5.824892520904541,6.25,6.269999980926514,6.199999809265137,6.199999809265137,1895
2023-08-07,5.815572738647461,6.239999771118164,6.25,6.159999847412109,6.25,656
2023-08-08,5.7503342628479,6.170000076293945,6.25,6.170000076293945,6.25,10563
2023-08-09,5.74101448059082,6.159999847412109,6.199999809265137,6.159999847412109,6.179999828338623,1433
2023-08-10,5.7689738273620605,6.190000057220459,6.230000019073486,6.170000076293945,6.230000019073486,337
2023-08-11,5.806252956390381,6.230000019073486,6.25,6.159999847412109,6.230000019073486,10252
2023-08-14,5.778293132781982,6.199999809265137,6.269999980926514,6.159999847412109,6.230000019073486,4495
2023-08-15,5.71305513381958,6.130000114440918,6.199999809265137,6.130000114440918,6.199999809265137,2284
2023-08-16,5.722374439239502,6.139999866485596,6.199999809265137,6.130000114440918,6.130000114440918,1401
2023-08-17,5.722374439239502,6.139999866485596,6.179999828338623,6.139999866485596,6.150000095367432,1261
2023-08-18,5.638496398925781,6.050000190734863,6.179999828338623,6.050000190734863,6.179999828338623,1666
2023-08-21,5.647816181182861,6.059999942779541,6.199999809265137,6.059999942779541,6.199999809265137,525
2023-08-22,5.685094833374023,6.099999904632568,6.199999809265137,6.070000171661377,6.199999809265137,422
2023-08-23,5.685094833374023,6.099999904632568,6.139999866485596,6.090000152587891,6.139999866485596,351
2023-08-24,5.703734874725342,6.119999885559082,6.130000114440918,6.050000190734863,6.099999904632568,1823
2023-08-25,5.9646897315979,6.400000095367432,6.409999847412109,6.260000228881836,6.380000114440918,22387
2023-08-28,6.067208290100098,6.510000228881836,6.519999980926514,6.440000057220459,6.449999809265137,12330
2023-08-29,6.104487419128418,6.550000190734863,6.550000190734863,6.460000038146973,6.550000190734863,7592
2023-08-30,6.085847854614258,6.53000020980835,6.550000190734863,6.409999847412109,6.550000190734863,911
2023-08-31,6.123126983642578,6.570000171661377,6.630000114440918,6.409999847412109,6.550000190734863,6178
2023-09-01,6.151086330413818,6.599999904632568,6.599999904632568,6.570000171661377,6.570000171661377,1818
2023-09-04,6.057888031005859,6.5,6.639999866485596,6.5,6.619999885559082,1398
2023-09-05,6.011288642883301,6.449999809265137,6.5,6.409999847412109,6.5,251
2023-09-06,5.787613391876221,6.210000038146973,6.409999847412109,6.210000038146973,6.409999847412109,11140
2023-09-07,5.778293132781982,6.199999809265137,6.389999866485596,6.199999809265137,6.28000020980835,831
2023-09-08,5.796933174133301,6.21999979019165,6.25,6.099999904632568,6.25,1388
2023-09-11,5.778293132781982,6.199999809265137,6.25,6.179999828338623,6.25,298
2023-09-12,5.778293132781982,6.199999809265137,6.260000228881836,6.199999809265137,6.199999809265137,217
2023-09-13,5.778293132781982,6.199999809265137,6.28000020980835,6.199999809265137,6.199999809265137,1593
2023-09-14,5.722374439239502,6.139999866485596,6.28000020980835,6.119999885559082,6.28000020980835,1696
2023-09-15,5.731694221496582,6.150000095367432,6.239999771118164,6.150000095367432,6.239999771118164,918
2023-09-18,5.843532562255859,6.269999980926514,6.289999961853027,6.150000095367432,6.25,3111
2023-09-19,5.8714919090271,6.300000190734863,6.389999866485596,6.130000114440918,6.239999771118164,4772
2023-09-20,5.9646897315979,6.400000095367432,6.400000095367432,6.300000190734863,6.300000190734863,2242
2023-09-21,5.778293132781982,6.199999809265137,6.389999866485596,6.199999809265137,6.389999866485596,5746
2023-09-22,5.815572738647461,6.239999771118164,6.380000114440918,6.210000038146973,6.21999979019165,1178
2023-09-25,5.796933174133301,6.21999979019165,6.269999980926514,6.210000038146973,6.210000038146973,510
2023-09-26,5.778293132781982,6.199999809265137,6.320000171661377,6.199999809265137,6.230000019073486,1413
2023-09-27,5.824892520904541,6.25,6.300000190734863,6.199999809265137,6.210000038146973,2611
2023-09-28,5.778293132781982,6.199999809265137,6.289999961853027,6.199999809265137,6.25,942
2023-09-29,5.815572738647461,6.239999771118164,6.320000171661377,6.21999979019165,6.239999771118164,932
2023-10-02,5.778293132781982,6.199999809265137,6.289999961853027,6.130000114440918,6.289999961853027,3813
2023-10-03,5.685094833374023,6.099999904632568,6.210000038146973,6.090000152587891,6.199999809265137,2114
2023-10-04,5.685094833374023,6.099999904632568,6.21999979019165,6.099999904632568,6.199999809265137,1720
2023-10-05,5.685094833374023,6.099999904632568,6.150000095367432,6.099999904632568,6.150000095367432,578
2023-10-06,5.7689738273620605,6.190000057220459,6.230000019073486,6.099999904632568,6.21999979019165,1084
2023-10-09,5.759653568267822,6.179999828338623,6.190000057220459,6.110000133514404,6.190000057220459,218
2023-10-10,5.657135963439941,6.070000171661377,6.139999866485596,6.070000171661377,6.139999866485596,2336
2023-10-11,5.685094833374023,6.099999904632568,6.170000076293945,6.090000152587891,6.130000114440918,3430
2023-10-12,5.759653568267822,6.179999828338623,6.179999828338623,6.099999904632568,6.119999885559082,565
2023-10-13,5.685094833374023,6.099999904632568,6.179999828338623,6.099999904632568,6.179999828338623,2950
2023-10-16,5.722374439239502,6.139999866485596,6.170000076293945,6.099999904632568,6.099999904632568,761
2023-10-17,5.638496398925781,6.050000190734863,6.199999809265137,6.0,6.099999904632568,7606
2023-10-18,5.675775527954102,6.090000152587891,6.099999904632568,5.989999771118164,6.099999904632568,9745
2023-10-19,5.5732574462890625,5.980000019073486,6.170000076293945,5.809999942779541,6.170000076293945,1361
2023-10-20,5.638496398925781,6.050000190734863,6.099999904632568,5.980000019073486,5.980000019073486,899
2023-10-23,5.508018493652344,5.909999847412109,6.059999942779541,5.900000095367432,6.059999942779541,873
2023-10-24,5.591897010803223,6.0,6.090000152587891,5.920000076293945,5.920000076293945,955
2023-10-25,5.5732574462890625,5.980000019073486,6.110000133514404,5.980000019073486,6.070000171661377,1114
2023-10-26,5.554617404937744,5.960000038146973,6.0,5.78000020980835,6.0,1480
2023-10-27,5.685094833374023,6.099999904632568,6.099999904632568,5.869999885559082,6.099999904632568,1011
2023-10-30,5.638496398925781,6.050000190734863,6.130000114440918,5.929999828338623,6.090000152587891,1572
2023-10-31,5.535977840423584,5.940000057220459,6.050000190734863,5.940000057220459,6.050000190734863,1769
2023-11-01,5.629176139831543,6.039999961853027,6.130000114440918,5.960000038146973,6.130000114440918,645
2023-11-02,5.685094833374023,6.099999904632568,6.150000095367432,6.039999961853027,6.130000114440918,984
2023-11-03,5.638496398925781,6.050000190734863,6.150000095367432,6.039999961853027,6.150000095367432,900
2023-11-06,5.703734874725342,6.119999885559082,6.150000095367432,6.050000190734863,6.050000190734863,3352
2023-11-07,5.722374439239502,6.139999866485596,6.139999866485596,5.960000038146973,6.119999885559082,1808
2023-11-08,5.610537052154541,6.019999980926514,6.099999904632568,6.0,6.0,640
2023-11-09,5.638496398925781,6.050000190734863,6.130000114440918,6.0,6.010000228881836,1461
2023-11-10,5.647816181182861,6.059999942779541,6.130000114440918,6.019999980926514,6.050000190734863,863
2023-11-13,5.685094833374023,6.099999904632568,6.309999942779541,6.050000190734863,6.099999904632568,9266
2023-11-14,5.7689738273620605,6.190000057220459,6.400000095367432,6.059999942779541,6.059999942779541,1233
2023-11-15,5.93673038482666,6.369999885559082,6.369999885559082,6.199999809265137,6.329999923706055,1752
2023-11-16,5.8714919090271,6.300000190734863,6.380000114440918,6.190000057220459,6.369999885559082,3595
2023-11-17,5.9180908203125,6.349999904632568,6.400000095367432,6.170000076293945,6.28000020980835,7070
2023-11-20,5.703734874725342,6.119999885559082,6.309999942779541,6.099999904632568,6.309999942779541,474
2023-11-21,5.442779541015625,5.840000152587891,6.119999885559082,5.820000171661377,6.119999885559082,6732
2023-11-22,5.582576751708984,5.989999771118164,6.0,5.840000152587891,5.840000152587891,9702
2023-11-23,5.545297622680664,5.949999809265137,6.090000152587891,5.900000095367432,6.090000152587891,1197
2023-11-24,5.535977840423584,5.940000057220459,5.989999771118164,5.909999847412109,5.989999771118164,4874
2023-11-27,5.480058670043945,5.880000114440918,5.940000057220459,5.860000133514404,5.940000057220459,973
2023-11-28,5.442779541015625,5.840000152587891,5.880000114440918,5.840000152587891,5.880000114440918,4511
2023-11-29,5.433459758758545,5.829999923706055,5.840000152587891,5.789999961853027,5.829999923706055,12721
2023-11-30,5.545297622680664,5.949999809265137,6.0,5.860000133514404,5.860000133514404,5888
2023-12-01,5.5732574462890625,5.980000019073486,6.079999923706055,5.849999904632568,6.0,4523
2023-12-04,5.517338275909424,5.920000076293945,6.0,5.860000133514404,5.980000019073486,3948
2023-12-05,5.554617404937744,5.960000038146973,5.989999771118164,5.860000133514404,5.920000076293945,3090
2023-12-07,5.591897010803223,6.0,6.0,5.900000095367432,5.960000038146973,1970
2023-12-08,5.591897010803223,6.0,6.0,5.940000057220459,6.0,240
2023-12-11,5.535977840423584,5.940000057220459,6.0,5.940000057220459,6.0,4147
2023-12-12,5.508018493652344,5.909999847412109,6.0,5.900000095367432,5.949999809265137,3602
2023-12-13,5.526657581329346,5.929999828338623,5.949999809265137,5.889999866485596,5.909999847412109,2234
2023-12-14,5.554617404937744,5.960000038146973,6.0,5.940000057220459,5.940000057220459,9246
2023-12-15,5.489378452301025,5.889999866485596,6.119999885559082,5.840000152587891,6.0,27896
2023-12-18,5.545297622680664,5.949999809265137,5.949999809265137,5.800000190734863,5.869999885559082,9267
2023-12-19,5.498698711395264,5.900000095367432,5.980000019073486,5.860000133514404,5.949999809265137,4055
2023-12-20,5.554617404937744,5.960000038146973,5.960000038146973,5.889999866485596,5.900000095367432,2521
2023-12-21,5.582576751708984,5.989999771118164,5.989999771118164,5.900000095367432,5.96999979019165,11649
2023-12-22,5.535977840423584,5.940000057220459,5.989999771118164,5.900000095367432,5.989999771118164,10130
2023-12-27,5.535977840423584,5.940000057220459,5.989999771118164,5.920000076293945,5.989999771118164,5198
2023-12-28,5.638496398925781,6.050000190734863,6.050000190734863,5.960000038146973,6.050000190734863,9259
2023-12-29,5.610537052154541,6.019999980926514,6.079999923706055,5.989999771118164,6.039999961853027,5691
2024-01-02,5.610537052154541,6.019999980926514,6.110000133514404,6.0,6.0,14464
2024-01-03,5.69441556930542,6.110000133514404,6.119999885559082,6.079999923706055,6.119999885559082,7387
2024-01-04,5.675775527954102,6.090000152587891,6.199999809265137,6.079999923706055,6.119999885559082,4059
2024-01-05,5.647816181182861,6.059999942779541,6.130000114440918,6.050000190734863,6.090000152587891,3756
2024-01-08,5.69441556930542,6.110000133514404,6.130000114440918,6.090000152587891,6.090000152587891,1528
2024-01-09,5.71305513381958,6.130000114440918,6.190000057220459,6.110000133514404,6.110000133514404,690164
2024-01-10,5.69441556930542,6.110000133514404,6.170000076293945,6.110000133514404,6.170000076293945,1909
2024-01-11,5.685094833374023,6.099999904632568,6.170000076293945,6.099999904632568,6.110000133514404,4244
2024-01-12,5.731694221496582,6.150000095367432,6.159999847412109,6.059999942779541,6.099999904632568,2437
2024-01-15,5.759653568267822,6.179999828338623,6.190000057220459,6.139999866485596,6.170000076293945,1238
2024-01-16,5.722374439239502,6.139999866485596,6.179999828338623,6.059999942779541,6.170000076293945,2454
2024-01-17,5.647816181182861,6.059999942779541,6.150000095367432,6.059999942779541,6.139999866485596,3951
2024-01-18,5.685094833374023,6.099999904632568,6.179999828338623,6.079999923706055,6.079999923706055,2359
2024-01-19,5.6664557456970215,6.079999923706055,6.179999828338623,6.0,6.179999828338623,3696
2024-01-22,5.638496398925781,6.050000190734863,6.059999942779541,6.0,6.059999942779541,8396
2024-01-23,5.591897010803223,6.0,6.050000190734863,6.0,6.050000190734863,3617
2024-01-24,5.563937187194824,5.96999979019165,6.0,5.949999809265137,6.0,8031
2024-01-25,5.535977840423584,5.940000057220459,6.019999980926514,5.940000057220459,5.949999809265137,9730
2024-01-26,5.5732574462890625,5.980000019073486,6.019999980926514,5.940000057220459,6.010000228881836,24684
2024-01-29,5.619856834411621,6.03000020980835,6.190000057220459,6.0,6.190000057220459,11471
2024-01-30,5.685094833374023,6.099999904632568,6.099999904632568,5.989999771118164,6.050000190734863,11188
2024-01-31,5.6664557456970215,6.079999923706055,6.079999923706055,6.039999961853027,6.070000171661377,4922
2024-02-01,5.731694221496582,6.150000095367432,6.190000057220459,6.039999961853027,6.079999923706055,12860
2024-02-02,5.657135963439941,6.070000171661377,6.099999904632568,6.050000190734863,6.059999942779541,20604
2024-02-05,5.619856834411621,6.03000020980835,6.099999904632568,5.980000019073486,6.099999904632568,23295
2024-02-06,5.619856834411621,6.03000020980835,6.039999961853027,5.949999809265137,6.03000020980835,2804
2024-02-07,5.582576751708984,5.989999771118164,6.039999961853027,5.989999771118164,6.03000020980835,40373
2024-02-08,5.563937187194824,5.96999979019165,5.980000019073486,5.960000038146973,5.980000019073486,1462
2024-02-09,5.675775527954102,6.090000152587891,6.090000152587891,5.949999809265137,5.96999979019165,1624
2024-02-12,5.638496398925781,6.050000190734863,6.090000152587891,6.0,6.090000152587891,1368
2024-02-13,5.6664557456970215,6.079999923706055,6.079999923706055,6.0,6.070000171661377,555
2024-02-14,5.638496398925781,6.050000190734863,6.130000114440918,6.050000190734863,6.090000152587891,3689
2024-02-15,5.638496398925781,6.050000190734863,6.21999979019165,6.050000190734863,6.050000190734863,1285
2024-02-16,5.759653568267822,6.179999828338623,6.190000057220459,6.050000190734863,6.050000190734863,10231
2024-02-19,5.815572738647461,6.239999771118164,6.25,6.179999828338623,6.199999809265137,79459
2024-02-20,5.927411079406738,6.360000133514404,6.449999809265137,6.239999771118164,6.239999771118164,31403
2024-02-21,5.9180908203125,6.349999904632568,6.440000057220459,6.300000190734863,6.360000133514404,41758
2024-02-22,5.974009990692139,6.409999847412109,6.409999847412109,6.300000190734863,6.349999904632568,92097
2024-02-23,5.88081169128418,6.309999942779541,6.440000057220459,6.300000190734863,6.429999828338623,888
2024-02-26,5.89013147354126,6.320000171661377,6.329999923706055,6.300000190734863,6.300000190734863,1045
2024-02-27,6.057888031005859,6.5,6.5,6.309999942779541,6.329999923706055,3215
2024-02-28,6.029928684234619,6.46999979019165,6.5,6.400000095367432,6.5,2881
2024-02-29,5.93673038482666,6.369999885559082,6.440000057220459,6.309999942779541,6.440000057220459,215
2024-03-01,6.039248466491699,6.480000019073486,6.489999771118164,6.389999866485596,6.449999809265137,683
2024-03-04,6.011288642883301,6.449999809265137,6.460000038146973,6.400000095367432,6.420000076293945,5061
2024-03-05,5.9646897315979,6.400000095367432,6.480000019073486,6.400000095367432,6.449999809265137,3262
2024-03-06,5.9646897315979,6.400000095367432,6.46999979019165,6.400000095367432,6.400000095367432,1026
2024-03-07,6.011288642883301,6.449999809265137,6.679999828338623,6.409999847412109,6.449999809265137,1479
2024-03-08,6.076528072357178,6.519999980926514,6.590000152587891,6.420000076293945,6.449999809265137,611
2024-03-11,5.9646897315979,6.400000095367432,6.599999904632568,6.349999904632568,6.519999980926514,10351
2024-03-12,6.057888031005859,6.5,6.53000020980835,6.389999866485596,6.53000020980835,1001
2024-03-13,6.085847854614258,6.53000020980835,6.570000171661377,6.5,6.519999980926514,1926
2024-03-14,6.151086330413818,6.599999904632568,6.599999904632568,6.5,6.550000190734863,92825
2024-03-15,6.151086330413818,6.599999904632568,6.650000095367432,6.599999904632568,6.599999904632568,1748
2024-03-18,6.193026065826416,6.644999980926514,6.710000038146973,6.599999904632568,6.599999904632568,51177
2024-03-19,6.244284629821777,6.699999809265137,6.789999961853027,6.679999828338623,6.679999828338623,8924
2024-03-20,6.048568248748779,6.489999771118164,6.690000057220459,6.420000076293945,6.690000057220459,1165
2024-03-21,6.113807201385498,6.559999942779541,6.559999942779541,6.489999771118164,6.489999771118164,1154
2024-03-22,6.197685718536377,6.650000095367432,6.699999809265137,6.519999980926514,6.559999942779541,719
2024-03-25,6.151086330413818,6.599999904632568,6.599999904632568,6.5,6.599999904632568,1142
2024-03-26,6.244284629821777,6.699999809265137,6.809999942779541,6.650000095367432,6.650000095367432,978
2024-03-27,6.151086330413818,6.599999904632568,6.650000095367432,6.489999771118164,6.650000095367432,2596
2024-03-28,6.151086330413818,6.599999904632568,6.599999904632568,6.5,6.5,1837
2024-04-02,6.225645065307617,6.679999828338623,6.679999828338623,6.420000076293945,6.5,1704
2024-04-03,6.225645065307617,6.679999828338623,6.699999809265137,6.619999885559082,6.679999828338623,50923
2024-04-04,6.318843841552734,6.78000020980835,6.820000171661377,6.699999809265137,6.699999809265137,2947
2024-04-05,6.374762535095215,6.840000152587891,6.840000152587891,6.760000228881836,6.78000020980835,11356
2024-04-08,6.505239963531494,6.980000019073486,6.980000019073486,6.840000152587891,6.840000152587891,55871
2024-04-09,6.505239963531494,6.980000019073486,7.0,6.900000095367432,6.960000038146973,8569
2024-04-10,6.672996520996094,7.159999847412109,7.159999847412109,6.920000076293945,6.920000076293945,2844
2024-04-11,6.691636562347412,7.179999828338623,7.239999771118164,7.179999828338623,7.179999828338623,3049
2024-04-12,6.561159133911133,7.039999961853027,7.199999809265137,6.840000152587891,6.980000019073486,43950
2024-04-15,6.542519569396973,7.019999980926514,7.019999980926514,6.920000076293945,6.960000038146973,3380
2024-04-16,6.505239963531494,6.980000019073486,7.0,6.940000057220459,6.940000057220459,1948
2024-04-17,6.561159133911133,7.039999961853027,7.099999904632568,7.019999980926514,7.039999961853027,1272
2024-04-18,6.393402099609375,6.860000133514404,7.079999923706055,6.840000152587891,7.079999923706055,1233
2024-04-19,6.561159133911133,7.039999961853027,7.119999885559082,6.900000095367432,6.900000095367432,2037
2024-04-22,6.561159133911133,7.039999961853027,7.059999942779541,7.0,7.039999961853027,2999
2024-04-23,6.561159133911133,7.039999961853027,7.059999942779541,7.019999980926514,7.039999961853027,3563
2024-04-24,6.523879528045654,7.0,7.139999866485596,7.0,7.039999961853027,4001
2024-04-25,6.654356956481934,7.139999866485596,7.139999866485596,7.119999885559082,7.119999885559082,982
2024-04-26,6.635717391967773,7.119999885559082,7.139999866485596,7.099999904632568,7.139999866485596,2079
2024-04-29,6.635717391967773,7.119999885559082,7.119999885559082,7.0,7.119999885559082,594
2024-04-30,6.617077827453613,7.099999904632568,7.119999885559082,7.039999961853027,7.119999885559082,2418
2024-05-02,6.617077827453613,7.099999904632568,7.099999904632568,7.059999942779541,7.099999904632568,3187
2024-05-03,6.654356956481934,7.139999866485596,7.139999866485596,7.019999980926514,7.139999866485596,1902
2024-05-06,6.84075403213501,7.340000152587891,7.480000019073486,7.119999885559082,7.139999866485596,5561
2024-05-07,6.915312767028809,7.420000076293945,7.480000019073486,7.300000190734863,7.340000152587891,4108
2024-05-08,6.971231937408447,7.480000019073486,7.480000019073486,7.320000171661377,7.400000095367432,8146
2024-05-10,6.933952331542969,7.440000057220459,7.480000019073486,7.400000095367432,7.480000019073486,4384
2024-05-13,7.157628059387207,7.679999828338623,7.739999771118164,7.440000057220459,7.440000057220459,6905
2024-05-14,7.083069324493408,7.599999904632568,7.760000228881836,7.519999980926514,7.679999828338623,6986
2024-05-15,7.083069324493408,7.599999904632568,7.760000228881836,7.5,7.599999904632568,7428
2024-05-16,7.325384616851807,7.860000133514404,7.980000019073486,7.639999866485596,7.639999866485596,6316
2024-05-17,7.5196919441223145,7.739999771118164,7.960000038146973,7.699999809265137,7.860000133514404,49905
2024-05-20,7.461400032043457,7.679999828338623,7.880000114440918,7.659999847412109,7.739999771118164,38553
2024-05-21,7.500261306762695,7.71999979019165,7.800000190734863,7.679999828338623,7.679999828338623,2451
2024-05-22,7.558554172515869,7.78000020980835,7.800000190734863,7.71999979019165,7.71999979019165,2088
2024-05-23,7.558554172515869,7.78000020980835,7.800000190734863,7.71999979019165,7.78000020980835,4399
2024-05-24,7.53912353515625,7.760000228881836,7.900000095367432,7.760000228881836,7.78000020980835,4297
2024-05-27,7.500261306762695,7.71999979019165,7.900000095367432,7.699999809265137,7.800000190734863,6411
2024-05-28,7.480830669403076,7.699999809265137,7.800000190734863,7.699999809265137,7.800000190734863,1512
2024-05-29,7.364246368408203,7.579999923706055,7.760000228881836,7.0,7.699999809265137,690
2024-05-30,7.1699395179748535,7.380000114440918,7.579999923706055,7.239999771118164,7.239999771118164,3868
2024-05-31,7.5196919441223145,7.739999771118164,7.739999771118164,7.320000171661377,7.380000114440918,5282
2024-06-03,7.577984809875488,7.800000190734863,7.820000171661377,7.739999771118164,7.739999771118164,1817
2024-06-04,7.636276721954346,7.860000133514404,7.880000114440918,7.820000171661377,7.820000171661377,1023
2024-06-05,7.597415447235107,7.820000171661377,7.900000095367432,7.800000190734863,7.860000133514404,883
2024-06-06,7.597415447235107,7.820000171661377,7.880000114440918,7.800000190734863,7.860000133514404,687
2024-06-07,7.5196919441223145,7.739999771118164,7.820000171661377,7.5,7.820000171661377,1212
2024-06-10,7.286523342132568,7.5,7.739999771118164,7.400000095367432,7.559999942779541,1900
2024-06-11,7.441969394683838,7.659999847412109,7.71999979019165,7.440000057220459,7.5,2134
2024-06-12,7.267093181610107,7.480000019073486,7.78000020980835,7.400000095367432,7.599999904632568,2855
2024-06-13,7.286523342132568,7.5,7.5,7.480000019073486,7.480000019073486,1040
2024-06-14,7.228231430053711,7.440000057220459,7.5,7.440000057220459,7.5,563
2024-06-17,7.228231430053711,7.440000057220459,7.460000038146973,7.400000095367432,7.400000095367432,452
2024-06-18,7.24766206741333,7.460000038146973,7.480000019073486,7.400000095367432,7.440000057220459,1387
2024-06-19,7.1893696784973145,7.400000095367432,7.480000019073486,7.400000095367432,7.460000038146973,521
2024-06-20,7.1893696784973145,7.400000095367432,7.460000038146973,7.400000095367432,7.440000057220459,2078
2024-06-24,7.1893696784973145,7.400000095367432,7.460000038146973,7.400000095367432,7.420000076293945,2717
2024-06-25,7.208800792694092,7.420000076293945,7.440000057220459,7.400000095367432,7.440000057220459,637
2024-06-26,7.033924102783203,7.239999771118164,7.420000076293945,7.239999771118164,7.420000076293945,2639
2024-06-27,7.053354740142822,7.260000228881836,7.260000228881836,7.239999771118164,7.239999771118164,165
2024-06-28,7.577984809875488,7.800000190734863,7.800000190734863,7.0,7.239999771118164,3934
2024-07-01,7.558554172515869,7.78000020980835,7.820000171661377,7.760000228881836,7.800000190734863,2617
2024-07-02,7.228231430053711,7.440000057220459,7.739999771118164,7.420000076293945,7.739999771118164,1285
2024-07-03,7.24766206741333,7.460000038146973,7.699999809265137,7.460000038146973,7.460000038146973,834
2024-07-04,7.286523342132568,7.5,7.5,7.400000095367432,7.460000038146973,679
2024-07-05,7.092216491699219,7.300000190734863,7.699999809265137,7.059999942779541,7.5,1273
2024-07-08,7.014492988586426,7.21999979019165,7.639999866485596,7.21999979019165,7.300000190734863,801
2024-07-09,7.267093181610107,7.480000019073486,7.480000019073486,7.159999847412109,7.159999847412109,846
2024-07-10,7.4031081199646,7.619999885559082,7.619999885559082,7.139999866485596,7.480000019073486,105
2024-07-11,7.208800792694092,7.420000076293945,7.460000038146973,7.199999809265137,7.460000038146973,779
2024-07-12,7.014492988586426,7.21999979019165,7.420000076293945,7.21999979019165,7.420000076293945,1039
2024-07-15,6.9756317138671875,7.179999828338623,7.420000076293945,7.179999828338623,7.320000171661377,2746
2024-07-16,7.1699395179748535,7.380000114440918,7.420000076293945,7.179999828338623,7.179999828338623,584
2024-07-17,7.092216491699219,7.300000190734863,7.300000190734863,7.099999904632568,7.300000190734863,1791
2024-07-18,7.208800792694092,7.420000076293945,7.5,7.0,7.199999809265137,2512
2024-07-19,7.1893696784973145,7.400000095367432,7.440000057220459,6.960000038146973,7.440000057220459,251
2024-07-22,7.131078243255615,7.340000152587891,7.360000133514404,7.199999809265137,7.360000133514404,748
2024-07-23,6.897909164428711,7.099999904632568,7.340000152587891,7.099999904632568,7.340000152587891,119
2024-07-24,6.936770439147949,7.139999866485596,7.420000076293945,7.039999961853027,7.039999961853027,472
2024-07-25,6.878478050231934,7.079999923706055,7.28000020980835,7.019999980926514,7.119999885559082,1605
2024-07-26,6.995062828063965,7.199999809265137,7.300000190734863,7.039999961853027,7.079999923706055,918
2024-07-29,6.8590474128723145,7.059999942779541,7.159999847412109,7.039999961853027,7.159999847412109,816
2024-07-30,6.8590474128723145,7.059999942779541,7.199999809265137,6.960000038146973,7.059999942779541,2253
2024-07-31,6.995062828063965,7.199999809265137,7.340000152587891,7.199999809265137,7.199999809265137,813
2024-08-01,7.033924102783203,7.239999771118164,7.340000152587891,7.039999961853027,7.099999904632568,2493
2024-08-02,6.878478050231934,7.079999923706055,7.340000152587891,7.019999980926514,7.21999979019165,971
2024-08-05,6.800755500793457,7.0,7.079999923706055,6.900000095367432,7.0,3152
2024-08-06,6.800755500793457,7.0,7.179999828338623,7.0,7.0,1362
2024-08-07,6.820186138153076,7.019999980926514,7.179999828338623,6.800000190734863,7.0,2393
2024-08-08,6.878478050231934,7.079999923706055,7.079999923706055,6.880000114440918,7.059999942779541,928
2024-08-09,6.9756317138671875,7.179999828338623,7.199999809265137,7.079999923706055,7.079999923706055,1542
2024-08-12,6.9756317138671875,7.179999828338623,7.199999809265137,7.079999923706055,7.159999847412109,1819
2024-08-13,6.995062828063965,7.199999809265137,7.199999809265137,7.139999866485596,7.139999866485596,207
2024-08-14,6.897909164428711,7.099999904632568,7.360000133514404,7.099999904632568,7.199999809265137,1275
2024-08-15,7.053354740142822,7.260000228881836,7.380000114440918,7.199999809265137,7.380000114440918,945
2024-08-16,7.286523342132568,7.5,7.519999980926514,6.980000019073486,7.0,7679
2024-08-19,7.267093181610107,7.480000019073486,7.5,7.460000038146973,7.5,1668
2024-08-20,7.1893696784973145,7.400000095367432,7.519999980926514,7.28000020980835,7.519999980926514,471
2024-08-21,7.092216491699219,7.300000190734863,7.400000095367432,7.099999904632568,7.400000095367432,941
2024-08-22,6.917339324951172,7.119999885559082,7.300000190734863,7.099999904632568,7.300000190734863,949
2024-08-23,6.936770439147949,7.139999866485596,7.360000133514404,7.039999961853027,7.21999979019165,1701
2024-08-26,6.917339324951172,7.119999885559082,7.199999809265137,7.099999904632568,7.139999866485596,1172
2024-08-27,6.839616775512695,7.039999961853027,7.139999866485596,7.019999980926514,7.039999961853027,324
2024-08-28,6.897909164428711,7.099999904632568,7.099999904632568,7.0,7.039999961853027,1015
2024-08-29,6.800755500793457,7.0,7.199999809265137,7.0,7.199999809265137,7452
2024-08-30,6.995062828063965,7.199999809265137,7.199999809265137,6.900000095367432,7.0,699
2024-09-02,6.936770439147949,7.139999866485596,7.139999866485596,6.960000038146973,7.139999866485596,153
2024-09-03,6.917339324951172,7.119999885559082,7.199999809265137,7.079999923706055,7.099999904632568,644
2024-09-04,6.995062828063965,7.199999809265137,7.199999809265137,7.159999847412109,7.199999809265137,1254
2024-09-05,7.033924102783203,7.239999771118164,7.239999771118164,7.099999904632568,7.199999809265137,119
2024-09-06,7.033924102783203,7.239999771118164,7.260000228881836,7.239999771118164,7.260000228881836,151
2024-09-09,6.897909164428711,7.099999904632568,7.239999771118164,7.099999904632568,7.239999771118164,296
2024-09-10,6.995062828063965,7.199999809265137,7.199999809265137,7.099999904632568,7.099999904632568,1051
2024-09-11,7.033924102783203,7.239999771118164,7.239999771118164,7.019999980926514,7.239999771118164,341
2024-09-12,6.8590474128723145,7.059999942779541,7.239999771118164,7.039999961853027,7.239999771118164,117
2024-09-13,6.878478050231934,7.079999923706055,7.260000228881836,7.019999980926514,7.059999942779541,822
2024-09-16,6.820186138153076,7.019999980926514,7.079999923706055,6.900000095367432,7.079999923706055,771
2024-09-17,7.014492988586426,7.21999979019165,7.239999771118164,7.019999980926514,7.019999980926514,136
2024-09-18,6.956201076507568,7.159999847412109,7.179999828338623,7.159999847412109,7.179999828338623,212
2024-09-19,7.092216491699219,7.300000190734863,7.300000190734863,7.059999942779541,7.059999942779541,2726
2024-09-20,7.0727858543396,7.28000020980835,7.300000190734863,7.099999904632568,7.300000190734863,656
2024-09-23,7.033924102783203,7.239999771118164,7.28000020980835,7.199999809265137,7.28000020980835,372
2024-09-24,6.956201076507568,7.159999847412109,7.260000228881836,7.099999904632568,7.260000228881836,513
2024-09-25,6.956201076507568,7.159999847412109,7.159999847412109,7.079999923706055,7.159999847412109,1232
2024-09-26,6.897909164428711,7.099999904632568,7.239999771118164,7.079999923706055,7.159999847412109,1159
2024-09-27,7.033924102783203,7.239999771118164,7.340000152587891,7.119999885559082,7.199999809265137,1336
2024-09-30,7.131078243255615,7.340000152587891,7.360000133514404,7.239999771118164,7.340000152587891,3270
2024-10-01,7.053354740142822,7.260000228881836,7.320000171661377,7.139999866485596,7.300000190734863,2258
2024-10-02,7.228231430053711,7.440000057220459,7.460000038146973,7.340000152587891,7.400000095367432,5643
2024-10-03,7.228231430053711,7.440000057220459,7.460000038146973,7.440000057220459,7.460000038146973,86
2024-10-04,7.267093181610107,7.480000019073486,7.5,7.440000057220459,7.440000057220459,371
2024-10-07,7.267093181610107,7.480000019073486,7.5,7.320000171661377,7.5,5004
2024-10-08,7.267093181610107,7.480000019073486,7.5,7.340000152587891,7.5,205
2024-10-09,7.150508403778076,7.360000133514404,7.5,7.340000152587891,7.480000019073486,394
2024-10-10,7.150508403778076,7.360000133514404,7.480000019073486,7.360000133514404,7.380000114440918,350
2024-10-11,7.24766206741333,7.460000038146973,7.5,7.460000038146973,7.480000019073486,318
2024-10-14,7.131078243255615,7.340000152587891,7.5,7.340000152587891,7.460000038146973,2045
2024-10-15,7.286523342132568,7.5,7.539999961853027,7.340000152587891,7.360000133514404,9580
2024-10-16,7.305954456329346,7.519999980926514,7.559999942779541,7.360000133514404,7.519999980926514,283
2024-10-17,7.305954456329346,7.519999980926514,7.559999942779541,7.5,7.5,790
2024-10-18,7.286523342132568,7.5,7.579999923706055,7.460000038146973,7.579999923706055,955
2024-10-21,7.286523342132568,7.5,7.599999904632568,7.5,7.5,1718
2024-10-22,7.286523342132568,7.5,7.619999885559082,7.5,7.599999904632568,863
2024-10-23,7.364246368408203,7.579999923706055,7.579999923706055,7.5,7.559999942779541,613
2024-10-24,7.344815731048584,7.559999942779541,7.599999904632568,7.559999942779541,7.579999923706055,532
2024-10-25,7.286523342132568,7.5,7.579999923706055,7.5,7.579999923706055,469
2024-10-28,7.286523342132568,7.5,7.619999885559082,7.5,7.5,3092
2024-10-29,7.344815731048584,7.559999942779541,7.559999942779541,7.5,7.539999961853027,397
2024-10-30,7.286523342132568,7.5,7.559999942779541,7.5,7.559999942779541,372
2024-10-31,7.1699395179748535,7.380000114440918,7.559999942779541,7.340000152587891,7.559999942779541,1152
2024-11-01,7.1893696784973145,7.400000095367432,7.559999942779541,7.079999923706055,7.380000114440918,1007
2024-11-04,7.208800792694092,7.420000076293945,7.639999866485596,7.300000190734863,7.639999866485596,767
2024-11-05,7.208800792694092,7.420000076293945,7.559999942779541,7.420000076293945,7.559999942779541,626
2024-11-06,7.1893696784973145,7.400000095367432,7.5,7.400000095367432,7.420000076293945,772
2024-11-07,7.1893696784973145,7.400000095367432,7.539999961853027,7.260000228881836,7.260000228881836,2345
2024-11-08,7.267093181610107,7.480000019073486,7.5,7.400000095367432,7.5,367
2024-11-11,7.24766206741333,7.460000038146973,7.480000019073486,7.260000228881836,7.480000019073486,905
2024-11-12,7.111647129058838,7.320000171661377,7.420000076293945,7.099999904632568,7.420000076293945,4025
2024-11-13,7.014492988586426,7.21999979019165,7.300000190734863,7.199999809265137,7.28000020980835,812
2024-11-14,7.014492988586426,7.21999979019165,7.440000057220459,7.199999809265137,7.199999809265137,779
2024-11-15,6.878478050231934,7.079999923706055,7.360000133514404,7.019999980926514,7.21999979019165,5331
2024-11-18,6.58701753616333,6.78000020980835,7.099999904632568,6.699999809265137,7.079999923706055,4611
2024-11-19,6.645309925079346,6.840000152587891,6.840000152587891,6.699999809265137,6.840000152587891,2131
2024-11-20,6.58701753616333,6.78000020980835,7.079999923706055,6.78000020980835,6.900000095367432,1874
2024-11-21,6.606448173522949,6.800000190734863,6.820000171661377,6.5,6.78000020980835,11237
2024-11-22,6.353848457336426,6.539999961853027,6.78000020980835,6.539999961853027,6.639999866485596,7724
2024-11-25,6.12067985534668,6.300000190734863,6.480000019073486,6.199999809265137,6.480000019073486,19839
2024-11-26,6.178972244262695,6.360000133514404,6.480000019073486,6.039999961853027,6.400000095367432,18706
2024-11-27,6.489863395690918,6.679999828338623,6.679999828338623,6.28000020980835,6.340000152587891,4032
2024-11-28,6.7618937492370605,6.960000038146973,7.5,6.579999923706055,6.679999828338623,1958
2024-11-29,6.78132438659668,6.980000019073486,6.980000019073486,6.739999771118164,6.960000038146973,74
2024-12-02,6.9756317138671875,7.179999828338623,7.179999828338623,7.159999847412109,7.159999847412109,553
2024-12-03,6.8590474128723145,7.059999942779541,7.480000019073486,7.019999980926514,7.239999771118164,819
2024-12-04,6.800755500793457,7.0,7.0,6.900000095367432,6.900000095367432,215
2024-12-05,6.723032474517822,6.920000076293945,7.380000114440918,6.920000076293945,7.28000020980835,173
2024-12-09,6.897909164428711,7.099999904632568,7.380000114440918,6.940000057220459,6.940000057220459,787
2024-12-10,6.897909164428711,7.099999904632568,7.360000133514404,7.0,7.360000133514404,1107
2024-12-11,7.033924102783203,7.239999771118164,7.239999771118164,7.039999961853027,7.039999961853027,782
2024-12-12,7.033924102783203,7.239999771118164,7.239999771118164,7.239999771118164,7.239999771118164,96
2024-12-13,6.9756317138671875,7.179999828338623,7.28000020980835,7.179999828338623,7.28000020980835,1032
2024-12-16,6.820186138153076,7.019999980926514,7.119999885559082,7.019999980926514,7.119999885559082,2324
2024-12-17,6.800755500793457,7.0,7.0,6.960000038146973,7.0,1372
2024-12-18,6.800755500793457,7.0,7.199999809265137,6.880000114440918,7.099999904632568,528
2024-12-19,6.78132438659668,6.980000019073486,7.179999828338623,6.980000019073486,7.0,319
2024-12-20,6.548155784606934,6.739999771118164,6.860000133514404,6.739999771118164,6.840000152587891,2077
2024-12-23,6.334417819976807,6.519999980926514,7.099999904632568,6.519999980926514,6.820000171661377,1373
2024-12-27,6.684171199798584,6.880000114440918,7.0,6.519999980926514,6.519999980926514,409
2024-12-30,6.7618937492370605,6.960000038146973,6.960000038146973,6.840000152587891,6.900000095367432,1128
2025-01-02,7.092216491699219,7.300000190734863,7.320000171661377,6.960000038146973,6.960000038146973,580
2025-01-03,7.092216491699219,7.300000190734863,7.380000114440918,7.300000190734863,7.300000190734863,890
2025-01-07,7.1699395179748535,7.380000114440918,7.400000095367432,7.199999809265137,7.300000190734863,2111
2025-01-08,6.936770439147949,7.139999866485596,7.400000095367432,6.960000038146973,7.400000095367432,1151
2025-01-09,6.9756317138671875,7.179999828338623,7.179999828338623,7.139999866485596,7.159999847412109,1069
2025-01-10,7.0727858543396,7.28000020980835,7.28000020980835,7.139999866485596,7.139999866485596,315
2025-01-13,6.8590474128723145,7.059999942779541,7.28000020980835,7.059999942779541,7.28000020980835,631
2025-01-14,6.820186138153076,7.019999980926514,7.059999942779541,7.0,7.059999942779541,222
2025-01-15,6.936770439147949,7.139999866485596,7.139999866485596,7.0,7.0,614
2025-01-16,6.936770439147949,7.139999866485596,7.139999866485596,7.079999923706055,7.139999866485596,154
2025-01-17,6.800755500793457,7.0,7.119999885559082,6.920000076293945,7.119999885559082,91
2025-01-20,6.78132438659668,6.980000019073486,7.039999961853027,6.940000057220459,7.0,2887
2025-01-21,6.936770439147949,7.139999866485596,7.139999866485596,6.920000076293945,7.0,1104
2025-01-22,6.820186138153076,7.019999980926514,7.139999866485596,7.019999980926514,7.139999866485596,245
2025-01-23,6.956201076507568,7.159999847412109,7.159999847412109,6.860000133514404,6.900000095367432,577
2025-01-24,6.7618937492370605,6.960000038146973,7.159999847412109,6.900000095367432,6.920000076293945,2611
2025-01-27,6.800755500793457,7.0,7.300000190734863,6.800000190734863,6.800000190734863,3655
2025-01-28,6.936770439147949,7.139999866485596,7.179999828338623,6.900000095367432,7.0,342
2025-01-29,6.9756317138671875,7.179999828338623,7.179999828338623,6.900000095367432,7.139999866485596,2384
2025-01-30,6.995062828063965,7.199999809265137,7.199999809265137,6.900000095367432,6.900000095367432,1082
2025-01-31,7.092216491699219,7.300000190734863,7.320000171661377,7.199999809265137,7.199999809265137,464
2025-02-03,6.995062828063965,7.199999809265137,7.300000190734863,7.199999809265137,7.21999979019165,1284
2025-02-04,7.092216491699219,7.300000190734863,7.320000171661377,6.920000076293945,7.139999866485596,1740
2025-02-05,7.1699395179748535,7.380000114440918,7.400000095367432,7.300000190734863,7.300000190734863,1371
2025-02-06,7.131078243255615,7.340000152587891,7.440000057220459,7.340000152587891,7.380000114440918,495
2025-02-07,7.131078243255615,7.340000152587891,7.360000133514404,7.340000152587891,7.360000133514404,44907
2025-02-10,7.131078243255615,7.340000152587891,7.360000133514404,7.340000152587891,7.360000133514404,946
2025-02-11,7.1893696784973145,7.400000095367432,7.5,7.400000095367432,7.5,67
2025-02-12,7.286523342132568,7.5,7.579999923706055,7.360000133514404,7.519999980926514,653
2025-02-13,7.092216491699219,7.300000190734863,7.5,7.300000190734863,7.5,1023
2025-02-14,7.267093181610107,7.480000019073486,7.599999904632568,7.239999771118164,7.5,2875
2025-02-17,6.897909164428711,7.099999904632568,7.400000095367432,7.019999980926514,7.400000095367432,3792
2025-02-18,6.78132438659668,6.980000019073486,7.099999904632568,6.980000019073486,7.099999904632568,4272
2025-02-19,6.897909164428711,7.099999904632568,7.21999979019165,6.980000019073486,6.980000019073486,5573
2025-02-20,6.897909164428711,7.099999904632568,7.400000095367432,7.099999904632568,7.400000095367432,108
2025-02-21,6.8590474128723145,7.059999942779541,7.119999885559082,7.019999980926514,7.099999904632568,3064
2025-02-24,6.723032474517822,6.920000076293945,7.059999942779541,6.920000076293945,7.059999942779541,4230
2025-02-25,6.470432758331299,6.659999847412109,6.960000038146973,6.659999847412109,6.960000038146973,6366
2025-02-26,6.509294509887695,6.699999809265137,7.019999980926514,6.659999847412109,6.800000190734863,7820
2025-02-27,6.742463111877441,6.940000057220459,6.940000057220459,6.699999809265137,6.699999809265137,3831
2025-02-28,6.800755500793457,7.0,7.0,6.960000038146973,6.960000038146973,1463
2025-03-03,6.9756317138671875,7.179999828338623,7.179999828338623,7.0,7.019999980926514,1201
2025-03-04,6.820186138153076,7.019999980926514,7.119999885559082,6.980000019073486,7.119999885559082,239
2025-03-05,6.8590474128723145,7.059999942779541,7.059999942779541,7.039999961853027,7.039999961853027,35
2025-03-06,6.78132438659668,6.980000019073486,7.039999961853027,6.900000095367432,7.039999961853027,1237
2025-03-07,6.78132438659668,6.980000019073486,7.039999961853027,6.940000057220459,7.039999961853027,392
2025-03-10,6.897909164428711,7.099999904632568,7.099999904632568,7.0,7.039999961853027,3139
2025-03-11,6.8590474128723145,7.059999942779541,7.159999847412109,7.019999980926514,7.119999885559082,2357
2025-03-12,6.995062828063965,7.199999809265137,7.21999979019165,7.059999942779541,7.159999847412109,6045
2025-03-13,7.150508403778076,7.360000133514404,7.360000133514404,7.159999847412109,7.159999847412109,1365
2025-03-14,6.956201076507568,7.159999847412109,7.360000133514404,7.159999847412109,7.360000133514404,1146
2025-03-17,7.150508403778076,7.360000133514404,7.380000114440918,7.159999847412109,7.159999847412109,694
2025-03-18,6.995062828063965,7.199999809265137,7.360000133514404,7.199999809265137,7.360000133514404,229
2025-03-19,6.8590474128723145,7.059999942779541,7.21999979019165,7.039999961853027,7.199999809265137,1837
2025-03-20,6.723032474517822,6.920000076293945,7.099999904632568,6.820000171661377,7.059999942779541,4680
2025-03-21,6.606448173522949,6.800000190734863,7.039999961853027,6.800000190734863,7.019999980926514,2329
2025-03-24,6.800755500793457,7.0,7.059999942779541,6.820000171661377,7.0,4983
2025-03-25,6.800755500793457,7.0,7.059999942779541,7.0,7.039999961853027,1132
2025-03-26,6.839616775512695,7.039999961853027,7.059999942779541,7.0,7.0,1048
2025-03-27,6.839616775512695,7.039999961853027,7.039999961853027,6.900000095367432,7.0,2759
2025-03-28,6.742463111877441,6.940000057220459,7.039999961853027,6.840000152587891,7.039999961853027,796
2025-03-31,6.78132438659668,6.980000019073486,6.980000019073486,6.940000057220459,6.940000057220459,383
2025-04-01,6.897909164428711,7.099999904632568,7.099999904632568,7.0,7.0,370
2025-04-02,6.839616775512695,7.039999961853027,7.099999904632568,7.019999980926514,7.099999904632568,386
2025-04-03,6.897909164428711,7.099999904632568,7.099999904632568,6.980000019073486,7.039999961853027,2477
2025-04-04,6.897909164428711,7.099999904632568,7.099999904632568,6.960000038146973,7.099999904632568,2495
2025-04-07,6.548155784606934,6.739999771118164,7.099999904632568,6.400000095367432,7.099999904632568,2926
2025-04-08,6.606448173522949,6.800000190734863,7.099999904632568,6.699999809265137,6.800000190734863,2617
2025-04-09,6.548155784606934,6.739999771118164,7.039999961853027,6.659999847412109,6.900000095367432,781
2025-04-10,6.625878810882568,6.820000171661377,7.059999942779541,6.760000228881836,6.760000228881836,1062
2025-04-11,6.645309925079346,6.840000152587891,7.099999904632568,6.820000171661377,6.820000171661377,932
2025-04-14,6.645309925079346,6.840000152587891,7.0,6.840000152587891,6.840000152587891,889
2025-04-15,6.703601837158203,6.900000095367432,6.960000038146973,6.840000152587891,6.960000038146973,6543
2025-04-16,6.723032474517822,6.920000076293945,6.920000076293945,6.900000095367432,6.900000095367432,344
2025-04-17,6.723032474517822,6.920000076293945,7.079999923706055,6.920000076293945,7.079999923706055,772
2025-04-22,6.684171199798584,6.880000114440918,7.039999961853027,6.840000152587891,6.900000095367432,701
2025-04-23,6.820186138153076,7.019999980926514,7.059999942779541,6.840000152587891,7.039999961853027,4459
2025-04-24,6.820186138153076,7.019999980926514,7.099999904632568,7.019999980926514,7.099999904632568,49
2025-04-25,6.956201076507568,7.159999847412109,7.159999847412109,7.019999980926514,7.099999904632568,1502
2025-04-28,6.820186138153076,7.019999980926514,7.179999828338623,7.019999980926514,7.159999847412109,966
2025-04-29,6.897909164428711,7.099999904632568,7.199999809265137,7.019999980926514,7.019999980926514,851
2025-04-30,6.9756317138671875,7.179999828338623,7.199999809265137,7.179999828338623,7.199999809265137,407
2025-05-02,6.936770439147949,7.139999866485596,7.199999809265137,7.099999904632568,7.179999828338623,525
2025-05-05,6.897909164428711,7.099999904632568,7.199999809265137,7.099999904632568,7.159999847412109,1114
2025-05-06,6.936770439147949,7.139999866485596,7.139999866485596,6.960000038146973,7.139999866485596,533
2025-05-07,6.917339324951172,7.119999885559082,7.139999866485596,7.099999904632568,7.099999904632568,1663
2025-05-08,6.820186138153076,7.019999980926514,7.159999847412109,6.920000076293945,7.139999866485596,325
2025-05-09,7.325384616851807,7.539999961853027,7.800000190734863,7.420000076293945,7.420000076293945,11214
2025-05-12,7.791723251342773,8.020000457763672,8.100000381469727,7.539999961853027,7.539999961853027,13082
2025-05-13,8.005460739135742,8.239999771118164,8.239999771118164,8.020000457763672,8.039999961853027,6538
2025-05-14,7.986030101776123,8.220000267028809,8.239999771118164,8.15999984741211,8.239999771118164,3344
2025-05-15,8.122044563293457,8.359999656677246,8.359999656677246,8.199999809265137,8.199999809265137,3532
2025-05-16,8.16147232055664,8.279999732971191,8.300000190734863,8.260000228881836,8.300000190734863,2694
2025-05-19,7.9051947593688965,8.020000457763672,8.199999809265137,7.860000133514404,8.199999809265137,3338
2025-05-20,7.826339244842529,7.940000057220459,8.0,7.880000114440918,8.0,1776
2025-05-21,8.181185722351074,8.300000190734863,8.359999656677246,7.980000019073486,7.980000019073486,2857
2025-05-22,8.082616806030273,8.199999809265137,8.239999771118164,8.199999809265137,8.220000267028809,3968
2025-05-23,7.826339244842529,7.940000057220459,8.15999984741211,7.940000057220459,8.15999984741211,1943
2025-05-26,7.786911964416504,7.900000095367432,7.960000038146973,7.900000095367432,7.960000038146973,500
2025-05-27,7.984049320220947,8.100000381469727,8.100000381469727,7.960000038146973,7.960000038146973,2355
2025-05-28,7.984049320220947,8.100000381469727,8.100000381469727,8.0,8.100000381469727,495
2025-05-30,7.984049320220947,8.100000381469727,8.100000381469727,8.020000457763672,8.100000381469727,755
2025-06-02,7.924907684326172,8.039999961853027,8.079999923706055,8.020000457763672,8.079999923706055,547
2025-06-03,7.9051947593688965,8.020000457763672,8.039999961853027,8.0,8.0,278
2025-06-04,7.865766525268555,7.980000019073486,8.140000343322754,7.980000019073486,8.140000343322754,718
2025-06-05,7.924907684326172,8.039999961853027,8.039999961853027,7.920000076293945,7.980000019073486,1614
2025-06-06,8.082616806030273,8.199999809265137,8.199999809265137,8.039999961853027,8.039999961853027,216
2025-06-09,7.8854804039001465,8.0,8.199999809265137,7.739999771118164,8.199999809265137,136269
2025-06-10,8.260041236877441,8.380000114440918,8.380000114440918,8.260000228881836,8.260000228881836,9538
2025-06-11,8.279753684997559,8.399999618530273,8.399999618530273,8.279999732971191,8.380000114440918,4965
2025-06-12,8.260041236877441,8.380000114440918,8.399999618530273,8.319999694824219,8.399999618530273,1231
2025-06-13,8.260041236877441,8.380000114440918,8.479999542236328,8.380000114440918,8.380000114440918,2447
2025-06-16,8.279753684997559,8.399999618530273,8.479999542236328,8.380000114440918,8.380000114440918,1955
2025-06-17,8.457178115844727,8.579999923706055,8.600000381469727,8.399999618530273,8.399999618530273,1465
2025-06-18,8.654314041137695,8.779999732971191,8.859999656677246,8.600000381469727,8.600000381469727,1848
2025-06-19,8.674028396606445,8.800000190734863,8.800000190734863,8.699999809265137,8.720000267028809,785
2025-06-23,8.614887237548828,8.739999771118164,8.84000015258789,8.720000267028809,8.800000190734863,1827
2025-06-24,8.713456153869629,8.84000015258789,9.0,8.800000190734863,8.800000190734863,1652
2025-06-25,8.713456153869629,8.84000015258789,8.859999656677246,8.739999771118164,8.800000190734863,2581
2025-06-26,8.733169555664062,8.859999656677246,8.880000114440918,8.800000190734863,8.859999656677246,3253
2025-06-27,8.595173835754395,8.720000267028809,8.880000114440918,8.720000267028809,8.880000114440918,529
2025-06-30,8.674028396606445,8.800000190734863,8.84000015258789,8.720000267028809,8.720000267028809,626
2025-07-01,8.77259635925293,8.899999618530273,8.899999618530273,8.800000190734863,8.800000190734863,575
2025-07-02,8.752882957458496,8.880000114440918,8.880000114440918,8.800000190734863,8.859999656677246,445
2025-07-03,8.654314041137695,8.779999732971191,8.899999618530273,8.779999732971191,8.880000114440918,4014
2025-07-04,8.752882957458496,8.880000114440918,8.899999618530273,8.880000114440918,8.899999618530273,444
2025-07-07,8.674028396606445,8.800000190734863,8.880000114440918,8.800000190734863,8.880000114440918,461
2025-07-08,8.87116527557373,9.0,9.0,8.800000190734863,8.800000190734863,6355
2025-07-09,8.752882957458496,8.880000114440918,9.0,8.819999694824219,9.0,2104
2025-07-10,8.634601593017578,8.760000228881836,9.0,8.760000228881836,9.0,2339
2025-07-11,8.752882957458496,8.880000114440918,8.899999618530273,8.760000228881836,8.779999732971191,738
2025-07-14,8.713456153869629,8.84000015258789,8.899999618530273,8.739999771118164,8.880000114440918,624
2025-07-15,8.674028396606445,8.800000190734863,8.84000015258789,8.739999771118164,8.84000015258789,600
2025-07-16,8.595173835754395,8.720000267028809,8.760000228881836,8.699999809265137,8.739999771118164,285
2025-07-17,8.37832260131836,8.5,8.699999809265137,8.5,8.699999809265137,706
2025-07-18,8.496604919433594,8.619999885559082,8.619999885559082,8.520000457763672,8.520000457763672,553
2025-07-21,8.417750358581543,8.539999961853027,8.720000267028809,8.4399995803833,8.5,478
2025-07-22,8.674028396606445,8.800000190734863,8.84000015258789,8.720000267028809,8.720000267028809,337
2025-07-23,8.713456153869629,8.84000015258789,8.899999618530273,8.800000190734863,8.800000190734863,2157
2025-07-24,8.37832260131836,8.5,8.920000076293945,8.5,8.880000114440918,1140
2025-07-25,8.457178115844727,8.579999923706055,8.619999885559082,8.399999618530273,8.600000381469727,1351
2025-07-28,8.39803695678711,8.520000457763672,8.819999694824219,8.479999542236328,8.5600004196167,935
2025-07-29,8.713456153869629,8.84000015258789,8.84000015258789,8.5,8.5,6967
2025-07-30,8.457178115844727,8.579999923706055,8.819999694824219,8.539999961853027,8.819999694824219,2726
2025-07-31,8.47689151763916,8.600000381469727,8.65999984741211,8.579999923706055,8.579999923706055,472
2025-08-01,8.614887237548828,8.739999771118164,8.779999732971191,8.699999809265137,8.699999809265137,2718
2025-08-04,8.516319274902344,8.640000343322754,8.760000228881836,8.640000343322754,8.760000228881836,296
2025-08-05,8.674028396606445,8.800000190734863,8.800000190734863,8.460000038146973,8.619999885559082,1696
2025-08-06,8.654314041137695,8.779999732971191,8.819999694824219,8.640000343322754,8.699999809265137,1215
2025-08-07,8.555746078491211,8.680000305175781,8.819999694824219,8.680000305175781,8.819999694824219,1252
2025-08-08,8.674028396606445,8.800000190734863,8.800000190734863,8.579999923706055,8.65999984741211,2807
2025-08-11,8.713456153869629,8.84000015258789,8.84000015258789,8.800000190734863,8.819999694824219,2169
2025-08-12,8.674028396606445,8.800000190734863,8.84000015258789,8.800000190734863,8.84000015258789,2018
2025-08-13,8.752882957458496,8.880000114440918,8.979999542236328,8.600000381469727,8.779999732971191,1757
2025-08-14,8.693741798400879,8.819999694824219,9.0,8.819999694824219,8.899999618530273,1822
2025-08-15,8.79231071472168,8.920000076293945,9.0,8.800000190734863,9.0,1122
2025-08-18,9.088016510009766,9.220000267028809,9.220000267028809,8.9399995803833,8.9399995803833,3330
2025-08-19,8.87116527557373,9.0,9.239999771118164,9.0,9.239999771118164,366
2025-08-20,8.87116527557373,9.0,9.079999923706055,9.0,9.079999923706055,734
2025-08-21,9.009161949157715,9.140000343322754,9.199999809265137,9.140000343322754,9.140000343322754,563
2025-08-22,9.088016510009766,9.220000267028809,9.359999656677246,9.199999809265137,9.199999809265137,864
2025-08-25,9.206298828125,9.34000015258789,9.34000015258789,9.220000267028809,9.319999694824219,938
2025-08-26,8.733169555664062,8.859999656677246,9.239999771118164,8.859999656677246,9.180000305175781,1083
2025-08-27,8.733169555664062,8.859999656677246,9.079999923706055,8.859999656677246,9.079999923706055,479
2025-08-28,8.496604919433594,8.619999885559082,8.880000114440918,8.579999923706055,8.880000114440918,3222
2025-08-29,8.674028396606445,8.800000190734863,8.84000015258789,8.720000267028809,8.84000015258789,869
2025-09-01,8.85145092010498,8.979999542236328,9.0,8.800000190734863,8.800000190734863,219
2025-09-02,8.733169555664062,8.859999656677246,8.979999542236328,8.859999656677246,8.979999542236328,353
2025-09-03,8.733169555664062,8.859999656677246,8.899999618530273,8.859999656677246,8.880000114440918,178
2025-09-04,8.614887237548828,8.739999771118164,8.84000015258789,8.720000267028809,8.84000015258789,748
2025-09-05,8.77259635925293,8.899999618530273,8.979999542236328,8.640000343322754,8.739999771118164,2809
2025-09-08,8.752882957458496,8.880000114440918,9.0,8.880000114440918,8.899999618530273,1886
2025-09-09,8.674028396606445,8.800000190734863,8.880000114440918,8.760000228881836,8.880000114440918,194
2025-09-10,8.752882957458496,8.880000114440918,8.880000114440918,8.680000305175781,8.699999809265137,2681
2025-09-11,8.752882957458496,8.880000114440918,8.880000114440918,8.779999732971191,8.880000114440918,199
2025-09-12,8.77259635925293,8.899999618530273,8.960000038146973,8.880000114440918,8.880000114440918,700
2025-09-15,9.068302154541016,9.199999809265137,9.199999809265137,8.899999618530273,8.899999618530273,2619
2025-09-16,9.166871070861816,9.300000190734863,9.34000015258789,9.220000267028809,9.220000267028809,1788
2025-09-17,8.87116527557373,9.0,9.399999618530273,9.0,9.300000190734863,3259
2025-09-18,8.77259635925293,8.899999618530273,9.079999923706055,8.899999618530273,9.0,1503
2025-09-19,8.733169555664062,8.859999656677246,8.859999656677246,8.800000190734863,8.800000190734863,2204
2025-09-22,8.87116527557373,9.0,9.0,8.84000015258789,8.84000015258789,832
2025-09-23,8.950019836425781,9.079999923706055,9.239999771118164,9.0,9.239999771118164,618
2025-09-24,8.77259635925293,8.899999618530273,9.0,8.779999732971191,9.0,2462
2025-09-25,8.77259635925293,8.899999618530273,9.0,8.800000190734863,9.0,846
2025-09-26,8.89087963104248,9.020000457763672,9.15999984741211,9.0,9.0,1102
2025-09-29,8.87116527557373,9.0,9.15999984741211,8.899999618530273,9.0,1376
2025-09-30,8.87116527557373,9.0,9.140000343322754,9.0,9.020000457763672,1172
2025-10-01,8.87116527557373,9.0,9.0,8.800000190734863,8.899999618530273,372
2025-10-02,8.77259635925293,8.899999618530273,9.0,8.819999694824219,9.0,254
2025-10-03,8.733169555664062,8.859999656677246,8.979999542236328,8.84000015258789,8.899999618530273,507
2025-10-06,8.634601593017578,8.760000228881836,8.84000015258789,8.699999809265137,8.84000015258789,1031
2025-10-07,8.39803695678711,8.520000457763672,8.699999809265137,8.5,8.699999809265137,830
2025-10-08,8.575459480285645,8.699999809265137,8.880000114440918,8.539999961853027,8.539999961853027,927
2025-10-09,8.693741798400879,8.819999694824219,8.84000015258789,8.619999885559082,8.779999732971191,1669
2025-10-10,8.516319274902344,8.640000343322754,8.899999618530273,8.640000343322754,8.899999618530273,2560
2025-10-13,8.713456153869629,8.84000015258789,8.920000076293945,8.640000343322754,8.640000343322754,471
2025-10-14,8.77259635925293,8.899999618530273,8.920000076293945,8.84000015258789,8.920000076293945,52
2025-10-15,8.654314041137695,8.779999732971191,8.9399995803833,8.779999732971191,8.920000076293945,1037
2025-10-16,8.516319274902344,8.640000343322754,8.779999732971191,8.600000381469727,8.779999732971191,475
2025-10-17,8.457178115844727,8.579999923706055,8.640000343322754,8.5600004196167,8.640000343322754,689
2025-10-20,8.47689151763916,8.600000381469727,8.699999809265137,8.579999923706055,8.579999923706055,381
2025-10-21,8.496604919433594,8.619999885559082,8.699999809265137,8.619999885559082,8.699999809265137,190
2025-10-22,8.37832260131836,8.5,8.699999809265137,8.5,8.699999809265137,771
2025-10-23,8.417750358581543,8.539999961853027,9.020000457763672,8.5,8.5,1555
2025-10-24,8.575459480285645,8.699999809265137,9.039999961853027,8.520000457763672,8.520000457763672,1750
2025-10-27,8.634601593017578,8.760000228881836,8.760000228881836,8.699999809265137,8.699999809265137,1891
2025-10-28,8.85145092010498,8.979999542236328,9.0,8.760000228881836,8.760000228881836,490
2025-10-29,8.812024116516113,8.9399995803833,9.0,8.9399995803833,9.0,329
2025-10-30,8.634601593017578,8.760000228881836,8.979999542236328,8.760000228881836,8.979999542236328,1378
2025-10-31,8.39803695678711,8.520000457763672,8.699999809265137,8.5,8.699999809265137,9817
2025-11-03,8.910593032836914,9.039999961853027,9.0600004196167,8.520000457763672,8.520000457763672,4044
2025-11-04,8.989447593688965,9.119999885559082,9.119999885559082,9.0600004196167,9.0600004196167,3583
2025-11-05,9.009161949157715,9.140000343322754,9.5600004196167,9.140000343322754,9.15999984741211,2355
2025-11-06,9.304866790771484,9.4399995803833,9.4399995803833,9.260000228881836,9.300000190734863,476
2025-11-07,9.147156715393066,9.279999732971191,9.520000457763672,9.279999732971191,9.460000038146973,3404
2025-11-10,8.969734191894531,9.100000381469727,9.279999732971191,9.100000381469727,9.279999732971191,798
2025-11-11,8.87116527557373,9.0,9.140000343322754,8.899999618530273,9.100000381469727,1737
2025-11-12,9.1077299118042,9.239999771118164,9.239999771118164,9.0,9.0,696
2025-11-13,9.2654390335083,9.399999618530273,9.399999618530273,9.15999984741211,9.15999984741211,4719
2025-11-14,8.950019836425781,9.079999923706055,9.220000267028809,8.859999656677246,9.220000267028809,2281
2025-11-17,8.87116527557373,9.0,9.079999923706055,8.920000076293945,9.0,742
2025-11-18,8.674028396606445,8.800000190734863,9.0,8.699999809265137,9.0,547
2025-11-19,8.654314041137695,8.779999732971191,8.779999732971191,8.699999809265137,8.699999809265137,230
2025-11-20,8.496604919433594,8.619999885559082,8.800000190734863,8.619999885559082,8.800000190734863,1769
2025-11-21,8.555746078491211,8.680000305175781,8.800000190734863,8.520000457763672,8.680000305175781,2806
2025-11-24,8.496604919433594,8.619999885559082,8.680000305175781,8.5600004196167,8.680000305175781,370
2025-11-25,8.338895797729492,8.460000038146973,8.680000305175781,8.460000038146973,8.579999923706055,1772
2025-11-26,8.47689151763916,8.600000381469727,8.760000228881836,8.520000457763672,8.600000381469727,4843
2025-11-27,8.37832260131836,8.5,8.760000228881836,8.399999618530273,8.720000267028809,4474
2025-11-28,8.260041236877441,8.380000114440918,8.539999961853027,8.220000267028809,8.520000457763672,5796
2025-12-01,8.260041236877441,8.380000114440918,8.420000076293945,8.319999694824219,8.380000114440918,1280
2025-12-02,8.358609199523926,8.479999542236328,8.5,8.300000190734863,8.300000190734863,225
2025-12-03,8.595173835754395,8.720000267028809,8.739999771118164,8.479999542236328,8.479999542236328,2590
2025-12-04,8.674028396606445,8.800000190734863,8.800000190734863,8.680000305175781,8.699999809265137,1406
2025-12-05,8.713456153869629,8.84000015258789,8.859999656677246,8.699999809265137,8.800000190734863,973
2025-12-08,8.77259635925293,8.899999618530273,9.0,8.84000015258789,8.84000015258789,2544
2025-12-09,8.77259635925293,8.899999618530273,9.0,8.800000190734863,9.0,1262
2025-12-10,8.752882957458496,8.880000114440918,8.899999618530273,8.800000190734863,8.899999618530273,966
2025-12-11,8.77259635925293,8.899999618530273,8.899999618530273,8.880000114440918,8.880000114440918,825
2025-12-12,8.77259635925293,8.899999618530273,9.0,8.899999618530273,8.899999618530273,474
2025-12-15,8.752882957458496,8.880000114440918,9.0,8.819999694824219,9.0,889
2025-12-16,9.048588752746582,9.180000305175781,9.199999809265137,8.800000190734863,8.899999618530273,1047
2025-12-17,8.89087963104248,9.020000457763672,9.180000305175781,9.020000457763672,9.180000305175781,399
2025-12-18,8.693741798400879,8.819999694824219,9.0,8.819999694824219,9.0,262
2025-12-19,8.693741798400879,8.819999694824219,8.880000114440918,8.819999694824219,8.859999656677246,1173
2025-12-22,8.87116527557373,9.0,9.0,8.640000343322754,8.819999694824219,1328
2025-12-23,8.713456153869629,8.84000015258789,9.100000381469727,8.84000015258789,9.0,821
2025-12-29,8.77259635925293,8.899999618530273,9.0,8.859999656677246,8.880000114440918,1219
2025-12-30,8.969734191894531,9.100000381469727,9.140000343322754,8.899999618530273,8.899999618530273,1634
2026-01-02,8.969734191894531,9.100000381469727,9.140000343322754,9.100000381469727,9.140000343322754,2206
2026-01-05,8.969734191894531,9.100000381469727,9.140000343322754,9.100000381469727,9.119999885559082,320
2026-01-07,9.166871070861816,9.300000190734863,9.300000190734863,9.119999885559082,9.119999885559082,1449
2026-01-08,9.2654390335083,9.399999618530273,9.420000076293945,9.380000114440918,9.380000114440918,1770
2026-01-09,9.048588752746582,9.180000305175781,9.399999618530273,9.0,9.399999618530273,1055
2026-01-12,9.088016510009766,9.220000267028809,9.399999618530273,9.180000305175781,9.180000305175781,637
2026-01-13,9.2654390335083,9.399999618530273,9.399999618530273,9.260000228881836,9.260000228881836,244
2026-01-14,9.28515338897705,9.420000076293945,9.420000076293945,9.199999809265137,9.359999656677246,2352
2026-01-15,9.364007949829102,9.5,9.5,9.34000015258789,9.34000015258789,275
2026-01-16,9.18658447265625,9.319999694824219,9.539999961853027,9.319999694824219,9.520000457763672,1445
2026-01-19,9.324580192565918,9.460000038146973,9.460000038146973,9.319999694824219,9.319999694824219,1010
2026-01-20,9.2654390335083,9.399999618530273,9.460000038146973,9.34000015258789,9.460000038146973,635
2026-01-21,9.324580192565918,9.460000038146973,9.460000038146973,9.399999618530273,9.4399995803833,723
2026-01-22,9.364007949829102,9.5,9.5,9.399999618530273,9.399999618530273,909
2026-01-23,9.364007949829102,9.5,9.5,9.479999542236328,9.5,1316
2026-01-26,9.2654390335083,9.399999618530273,9.579999923706055,9.319999694824219,9.479999542236328,2222
2026-01-27,9.344293594360352,9.479999542236328,9.579999923706055,9.239999771118164,9.5600004196167,423
2026-01-28,9.068302154541016,9.199999809265137,9.579999923706055,9.199999809265137,9.5600004196167,356
2026-01-29,8.969734191894531,9.100000381469727,9.359999656677246,9.100000381469727,9.359999656677246,2480
2026-01-30,8.930307388305664,9.0600004196167,9.119999885559082,8.960000038146973,9.119999885559082,1193
2026-02-02,9.028875350952148,9.15999984741211,9.34000015258789,9.0,9.0,876
2026-02-03,8.989447593688965,9.119999885559082,9.319999694824219,9.079999923706055,9.319999694824219,296
2026-02-04,8.989447593688965,9.119999885559082,9.199999809265137,9.119999885559082,9.140000343322754,3115
2026-02-05,8.950019836425781,9.079999923706055,9.199999809265137,9.0,9.180000305175781,1688
2026-02-06,8.614887237548828,8.739999771118164,9.079999923706055,8.579999923706055,9.079999923706055,6201
2026-02-09,8.595173835754395,8.720000267028809,8.800000190734863,8.619999885559082,8.760000228881836,830507
2026-02-10,8.79231071472168,8.920000076293945,8.960000038146973,8.720000267028809,8.720000267028809,5633
2026-02-11,8.85145092010498,8.979999542236328,9.0,8.9399995803833,8.960000038146973,5355
2026-02-12,8.87116527557373,9.0,9.0,8.760000228881836,8.960000038146973,4476
2026-02-13,8.910593032836914,9.039999961853027,9.220000267028809,8.819999694824219,9.020000457763672,5864
2026-02-16,8.674028396606445,8.800000190734863,9.039999961853027,8.800000190734863,9.039999961853027,551
2026-02-17,8.77259635925293,8.899999618530273,9.039999961853027,8.760000228881836,8.800000190734863,415
2026-02-18,8.930307388305664,9.0600004196167,9.0600004196167,8.920000076293945,9.039999961853027,942
2026-02-19,8.752882957458496,8.880000114440918,8.960000038146973,8.880000114440918,8.9399995803833,586
2026-02-20,8.87116527557373,9.0,9.039999961853027,8.880000114440918,8.880000114440918,1209
2026-02-23,8.812024116516113,8.9399995803833,8.979999542236328,8.640000343322754,8.979999542236328,700
2026-02-24,8.87116527557373,9.0,9.0,8.899999618530273,8.9399995803833,630
2026-02-25,8.693741798400879,8.819999694824219,9.020000457763672,8.800000190734863,9.020000457763672,1979
2026-02-26,8.812024116516113,8.9399995803833,9.0,8.84000015258789,9.0,172
2026-02-27,8.831738471984863,8.960000038146973,8.960000038146973,8.9399995803833,8.960000038146973,685
2026-03-02,9.028875350952148,9.15999984741211,9.260000228881836,8.600000381469727,8.960000038146973,5015
2026-03-03,8.969734191894531,9.100000381469727,9.15999984741211,9.079999923706055,9.15999984741211,1739
2026-03-04,9.344293594360352,9.479999542236328,9.479999542236328,9.0,9.020000457763672,1321
2026-03-05,8.77259635925293,8.899999618530273,9.180000305175781,8.880000114440918,9.15999984741211,2436
2026-03-06,8.831738471984863,8.960000038146973,9.319999694824219,8.819999694824219,9.0,3998
2026-03-09,8.693741798400879,8.819999694824219,8.960000038146973,8.819999694824219,8.960000038146973,904
2026-03-10,8.87116527557373,9.0,9.239999771118164,8.819999694824219,8.819999694824219,1246
2026-03-11,8.812024116516113,8.9399995803833,9.079999923706055,8.84000015258789,8.979999542236328,1243
2026-03-12,8.674028396606445,8.800000190734863,9.0,8.800000190734863,8.9399995803833,18267
2026-03-13,8.85145092010498,8.979999542236328,9.0,8.800000190734863,8.800000190734863,1104
2026-03-16,8.89087963104248,9.020000457763672,9.020000457763672,8.979999542236328,8.979999542236328,343
2026-03-17,8.89087963104248,9.020000457763672,9.020000457763672,9.020000457763672,9.020000457763672,229
2026-03-18,8.89087963104248,9.020000457763672,9.140000343322754,9.020000457763672,9.140000343322754,934
2026-03-19,8.575459480285645,8.699999809265137,8.84000015258789,8.699999809265137,8.819999694824219,2274
2026-03-20,8.634601593017578,8.760000228881836,8.779999732971191,8.579999923706055,8.699999809265137,3951
2026-03-23,8.634601593017578,8.760000228881836,8.760000228881836,8.600000381469727,8.739999771118164,1929
2026-03-24,8.496604919433594,8.619999885559082,8.739999771118164,8.619999885559082,8.739999771118164,318
2026-03-25,8.39803695678711,8.520000457763672,8.699999809265137,8.520000457763672,8.680000305175781,1006
2026-03-26,8.674028396606445,8.800000190734863,9.479999542236328,8.739999771118164,8.760000228881836,4368
2026-03-27,8.693741798400879,8.819999694824219,8.979999542236328,8.539999961853027,8.819999694824219,2060
2026-03-30,9.12744426727295,9.260000228881836,9.380000114440918,9.0,9.0,2521
2026-03-31,9.206298828125,9.34000015258789,9.399999618530273,9.300000190734863,9.300000190734863,2592
2026-04-01,9.226011276245117,9.359999656677246,9.460000038146973,9.359999656677246,9.380000114440918,4286
2026-04-02,9.28515338897705,9.420000076293945,9.460000038146973,9.199999809265137,9.359999656677246,2416
2026-04-07,9.304866790771484,9.4399995803833,9.460000038146973,9.420000076293945,9.460000038146973,3897
2026-04-08,9.068302154541016,9.199999809265137,9.5,9.199999809265137,9.460000038146973,1942
2026-04-09,9.18658447265625,9.319999694824219,9.34000015258789,9.220000267028809,9.34000015258789,486
2026-04-10,9.2654390335083,9.399999618530273,9.399999618530273,9.359999656677246,9.359999656677246,222
2026-04-13,9.561144828796387,9.699999809265137,9.699999809265137,9.279999732971191,9.4399995803833,4010
2026-04-14,9.758281707763672,9.899999618530273,10.0,9.5,9.5,5782
2026-04-15,9.403435707092285,9.539999961853027,9.960000038146973,9.539999961853027,9.960000038146973,1360
2026-04-16,9.442862510681152,9.579999923706055,9.579999923706055,9.539999961853027,9.5600004196167,287
2026-04-17,9.462576866149902,9.600000381469727,9.760000228881836,9.600000381469727,9.600000381469727,810
2026-04-20,9.620285987854004,9.760000228881836,9.880000114440918,9.65999984741211,9.65999984741211,1123
2026-04-21,9.738568305969238,9.880000114440918,9.899999618530273,9.760000228881836,9.880000114440918,1653
2026-04-22,9.28515338897705,9.420000076293945,9.880000114440918,9.420000076293945,9.880000114440918,1329
2026-04-23,9.639999389648438,9.779999732971191,9.800000190734863,9.479999542236328,9.479999542236328,1275
2026-04-24,9.300000190734863,9.300000190734863,9.779999732971191,9.020000457763672,9.779999732971191,3229
2026-04-27,9.020000457763672,9.020000457763672,9.239999771118164,9.020000457763672,9.239999771118164,1553
2026-04-28,9.0,9.0,9.039999961853027,8.960000038146973,9.020000457763672,552
2026-04-29,9.039999961853027,9.039999961853027,9.199999809265137,9.0,9.0,2354
2026-04-30,9.0,9.0,9.079999923706055,8.779999732971191,9.079999923706055,2118
2026-05-04,9.4399995803833,9.4399995803833,9.65999984741211,9.0,9.0,10302
2026-05-05,9.260000228881836,9.260000228881836,9.460000038146973,9.260000228881836,9.460000038146973,205
2026-05-06,9.279999732971191,9.279999732971191,9.420000076293945,9.15999984741211,9.260000228881836,337
2026-05-07,9.100000381469727,9.100000381469727,9.420000076293945,9.039999961853027,9.420000076293945,334
2026-05-08,9.0,9.0,9.199999809265137,9.0,9.180000305175781,378
2026-05-11,9.140000343322754,9.140000343322754,9.180000305175781,9.020000457763672,9.020000457763672,341
2026-05-12,9.020000457763672,9.020000457763672,9.199999809265137,9.020000457763672,9.199999809265137,810
2026-05-13,8.9399995803833,8.9399995803833,9.020000457763672,8.720000267028809,9.020000457763672,1961
2026-05-15,8.800000190734863,8.800000190734863,8.9399995803833,8.720000267028809,8.920000076293945,2593
2026-05-18,8.84000015258789,8.84000015258789,8.979999542236328,8.779999732971191,8.779999732971191,954
2026-05-19,8.859999656677246,8.859999656677246,8.920000076293945,8.800000190734863,8.84000015258789,1915
2026-05-20,9.0,9.0,9.0,8.859999656677246,9.0,2027
2026-05-21,9.020000457763672,9.020000457763672,9.100000381469727,8.899999618530273,8.899999618530273,481
2026-05-22,8.880000114440918,8.880000114440918,9.15999984741211,8.880000114440918,9.140000343322754,1125
2026-05-25,8.899999618530273,8.899999618530273,9.0600004196167,8.899999618530273,8.899999618530273,1142
2026-05-26,8.9399995803833,8.9399995803833,9.079999923706055,8.920000076293945,9.0,1316
2026-05-27,9.0,9.0,9.020000457763672,9.0,9.020000457763672,660
2026-05-28,8.979999542236328,8.979999542236328,9.020000457763672,8.899999618530273,9.020000457763672,836
2026-05-29,8.899999618530273,8.899999618530273,9.039999961853027,8.899999618530273,8.899999618530273,2300
2026-06-01,8.819999694824219,8.819999694824219,9.0,8.819999694824219,8.899999618530273,1579
2026-06-02,8.920000076293945,8.920000076293945,8.920000076293945,8.779999732971191,8.779999732971191,1656
2026-06-03,8.979999542236328,8.979999542236328,8.979999542236328,8.739999771118164,8.920000076293945,2101
2026-06-04,8.739999771118164,8.739999771118164,9.079999923706055,8.739999771118164,8.979999542236328,227
2026-06-05,8.760000228881836,8.760000228881836,8.800000190734863,8.760000228881836,8.800000190734863,782
2026-06-08,8.920000076293945,8.920000076293945,8.920000076293945,8.779999732971191,8.819999694824219,526
2026-06-09,8.739999771118164,8.739999771118164,8.920000076293945,8.739999771118164,8.920000076293945,588
2026-06-10,8.899999618530273,8.899999618530273,8.920000076293945,8.760000228881836,8.760000228881836,711
2026-06-11,8.800000190734863,8.800000190734863,8.9399995803833,8.800000190734863,8.920000076293945,211
2026-06-12,8.84000015258789,8.84000015258789,8.9399995803833,8.84000015258789,8.9399995803833,637
2026-06-15,8.760000228881836,8.760000228881836,8.899999618530273,8.720000267028809,8.84000015258789,472
2026-06-16,8.779999732971191,8.779999732971191,8.800000190734863,8.739999771118164,8.800000190734863,591
2026-06-17,8.800000190734863,8.800000190734863,8.899999618530273,8.800000190734863,8.880000114440918,1189
2026-06-18,8.880000114440918,8.880000114440918,8.899999618530273,8.880000114440918,8.899999618530273,158
2026-06-22,8.880000114440918,8.880000114440918,8.899999618530273,8.880000114440918,8.899999618530273,647
2026-06-23,9.0600004196167,9.0600004196167,9.100000381469727,8.859999656677246,8.859999656677246,5506
2026-06-24,9.0,9.0,9.020000457763672,9.0,9.020000457763672,1186
2026-06-25,9.079999923706055,9.079999923706055,9.140000343322754,9.0,9.140000343322754,129
2026-06-26,9.100000381469727,9.100000381469727,9.100000381469727,9.0,9.079999923706055,679
2026-06-29,9.0,9.0,9.100000381469727,9.0,9.100000381469727,2902
2026-06-30,9.020000457763672,9.020000457763672,9.020000457763672,9.0,9.0,287
2026-07-01,9.0,9.0,9.020000457763672,9.0,9.0,1052
2026-07-02,8.899999618530273,8.899999618530273,9.020000457763672,8.899999618530273,9.0,132
2026-07-03,8.899999618530273,8.899999618530273,8.899999618530273,8.899999618530273,8.899999618530273,525
2026-07-06,8.9399995803833,8.9399995803833,8.9399995803833,8.760000228881836,8.880000114440918,662
2026-07-07,8.899999618530273,8.899999618530273,8.979999542236328,8.899999618530273,8.9399995803833,108
2026-07-08,8.84000015258789,8.84000015258789,8.899999618530273,8.819999694824219,8.899999618530273,788
2026-07-09,8.84000015258789,8.84000015258789,8.84000015258789,8.800000190734863,8.800000190734863,113
2026-07-10,8.779999732971191,8.779999732971191,8.819999694824219,8.779999732971191,8.800000190734863,1299
2026-07-13,8.739999771118164,8.739999771118164,8.760000228881836,8.739999771118164,8.760000228881836,209
2026-07-14,8.5600004196167,8.5600004196167,8.739999771118164,8.5600004196167,8.739999771118164,1297
2026-07-15,8.579999923706055,8.579999923706055,8.720000267028809,8.5600004196167,8.720000267028809,387
2026-07-16,8.5,8.5,8.680000305175781,8.5,8.579999923706055,1841
2026-07-17,8.65999984741211,8.65999984741211,8.680000305175781,8.5,8.5,346
2026-07-20,8.520000457763672,8.520000457763672,8.680000305175781,8.460000038146973,8.5600004196167,4245
2026-07-21,8.460000038146973,8.460000038146973,8.680000305175781,8.460000038146973,8.680000305175781,731
2026-07-22,8.479999542236328,8.479999542236328,8.5,8.399999618530273,8.460000038146973,439
2026-07-23,8.520000457763672,8.520000457763672,8.680000305175781,8.420000076293945,8.479999542236328,1812
2026-07-24,8.4399995803833,8.4399995803833,8.4399995803833,8.180000305175781,8.260000228881836,2605
2026-07-27,8.380000114440918,8.380000114440918,8.399999618530273,8.34000015258789,8.34000015258789,1008
2026-07-28,8.300000190734863,8.300000190734863,8.4399995803833,8.239999771118164,8.4399995803833,947
2026-07-29,8.420000076293945,8.420000076293945,8.460000038146973,8.260000228881836,8.260000228881836,1661
2026-07-30,8.359999656677246,8.359999656677246,8.479999542236328,8.300000190734863,8.479999542236328,4322
2026-07-31,8.699999809265137,8.699999809265137,8.800000190734863,8.300000190734863,8.300000190734863,3934
2026-08-03,8.300000190734863,8.300000190734863,8.720000267028809,8.300000190734863,8.699999809265137,3946
2026-08-04,8.460000038146973,8.460000038146973,8.479999542236328,8.34000015258789,8.34000015258789,215
2026-08-05,8.399999618530273,8.399999618530273,8.399999618530273,8.399999618530273,8.399999618530273,543
2026-08-06,8.699999809265137,8.699999809265137,8.699999809265137,8.300000190734863,8.319999694824219,1062
2026-08-07,8.680000305175781,8.680000305175781,8.720000267028809,8.680000305175781,8.720000267028809,38
2026-08-10,8.4399995803833,8.4399995803833,8.699999809265137,8.399999618530273,8.4399995803833,1429
2026-08-11,8.420000076293945,8.420000076293945,8.5,8.420000076293945,8.460000038146973,784
2026-08-12,8.5,8.5,8.600000381469727,8.4399995803833,8.4399995803833,2998
2026-08-13,8.5600004196167,8.5600004196167,8.699999809265137,8.420000076293945,8.699999809265137,2901
2026-08-14,8.619999885559082,8.619999885559082,8.720000267028809,8.600000381469727,8.600000381469727,1148
2026-08-17,8.520000457763672,8.520000457763672,8.720000267028809,8.520000457763672,8.619999885559082,415
2026-08-18,8.520000457763672,8.520000457763672,8.539999961853027,8.520000457763672,8.520000457763672,58
2026-08-19,8.5,8.5,8.680000305175781,8.5,8.520000457763672,1476
2026-08-20,8.680000305175781,8.680000305175781,8.680000305175781,8.5,8.5,182
2026-08-21,8.619999885559082,8.619999885559082,8.640000343322754,8.520000457763672,8.640000343322754,600
2026-08-24,8.779999732971191,8.779999732971191,8.800000190734863,8.579999923706055,8.619999885559082,1106
2026-08-25,8.760000228881836,8.760000228881836,8.760000228881836,8.579999923706055,8.739999771118164,6313
2026-08-26,8.699999809265137,8.699999809265137,8.819999694824219,8.699999809265137,8.800000190734863,1138
2026-08-27,8.699999809265137,8.699999809265137,8.899999618530273,8.699999809265137,8.699999809265137,2119
2026-08-28,8.65999984741211,8.65999984741211,8.699999809265137,8.579999923706055,8.699999809265137,2758
2026-08-31,8.65999984741211,8.65999984741211,8.65999984741211,8.4399995803833,8.640000343322754,4029
2026-09-01,8.680000305175781,8.680000305175781,8.899999618530273,8.479999542236328,8.899999618530273,291
2026-09-02,8.680000305175781,8.680000305175781,8.680000305175781,8.680000305175781,8.680000305175781,20
2026-09-03,8.699999809265137,8.699999809265137,8.699999809265137,8.600000381469727,8.699999809265137,5759
2026-09-04,8.699999809265137,8.699999809265137,8.720000267028809,8.699999809265137,8.699999809265137,1366
2026-09-08,8.579999923706055,8.579999923706055,8.65999984741211,8.5600004196167,8.65999984741211,520
2026-09-09,8.479999542236328,8.479999542236328,8.579999923706055,8.420000076293945,8.579999923706055,1180
2026-09-10,8.4399995803833,8.4399995803833,8.520000457763672,8.399999618530273,8.479999542236328,1806
2026-09-11,8.4399995803833,8.4399995803833,8.5,8.399999618530273,8.4399995803833,7486
2026-09-14,8.359999656677246,8.359999656677246,8.4399995803833,8.279999732971191,8.4399995803833,1462
2026-09-15,8.5,8.5,8.5,8.199999809265137,8.260000228881836,1320
2026-09-16,8.399999618530273,8.399999618530273,8.5600004196167,8.34000015258789,8.5600004196167,2305
